cell_type,metric,comparison,n_groups,n_tested_groups,top_group,bottom_group,max_mean,min_mean,statistic,p_value,fdr,status,test_scope,case,reference,n_case_contours,n_reference_contours,mean_case,mean_reference,delta_mean
Pericytes,n_cells,global,5.0,5.0,S3,S2,10.597864768683275,0.6288288288288288,466.0092133557869,1.5017909016050382e-99,6.007163606420153e-98,ok,global,,,,,,,
Endothelial Cells,n_cells,global,5.0,5.0,S3,S2,10.983985765124554,0.9477477477477477,449.04031278941153,7.003584385092451e-96,1.40071687701849e-94,ok,global,,,,,,,
Pericytes,fraction,global,5.0,5.0,S3,S5,0.14361128106202325,0.004209248211766553,427.88946527671976,2.614026523041e-91,3.485368697388e-90,ok,global,,,,,,,
Endothelial Cells,fraction,global,5.0,5.0,S3,S1,0.1559209611358662,0.003822386355861836,425.07399501954,1.061274949378909e-90,1.061274949378909e-89,ok,global,,,,,,,
Luminal-like Amorphous DCIS Cells,n_cells,global,5.0,5.0,S5,S1,256.7741935483871,0.0,365.65624954556057,7.297367723611693e-78,5.837894178889355e-77,ok,global,,,,,,,
CXCL14+ Fibroblasts,n_cells,global,5.0,5.0,S1,S2,5.84,0.409009009009009,360.8340722928037,8.027028921901602e-77,5.351352614601068e-76,ok,global,,,,,,,
"CAFs, DCIS Associated",fraction,global,5.0,5.0,S4,S1,0.6230552019307445,0.0028057455582461846,331.9867365789631,1.357360928619075e-70,7.756348163537572e-70,ok,global,,,,,,,
Luminal-like Amorphous DCIS Cells,fraction,global,5.0,5.0,S5,S1,0.86364841726621,0.0,319.99795614616386,5.2498855066329025e-68,2.6249427533164513e-67,ok,global,,,,,,,
11q13 Invasive Tumor Cells (Mitotic),n_cells,global,5.0,5.0,S1,S2,20.36,0.1873873873873874,313.68089646175304,1.2113707967156472e-66,5.3838702076251e-66,ok,global,,,,,,,
CXCL14+ Fibroblasts,fraction,global,5.0,5.0,S3,S5,0.11977293536317503,0.004547159380153441,304.6513298197142,1.075026411235282e-64,4.300105644941128e-64,ok,global,,,,,,,
Macrophages,n_cells,global,5.0,5.0,S3,S5,4.47153024911032,0.3225806451612903,303.39274696212595,2.00877268920751e-64,7.304627960754583e-64,ok,global,,,,,,,
11q13 Invasive Tumor Cells (Mitotic),fraction,global,5.0,5.0,S1,S5,0.039577660749263124,0.0029872716222766227,272.8140233578792,7.892169965387152e-58,2.630723321795717e-57,ok,global,,,,,,,
11q13 Invasive Tumor Cells,fraction,global,5.0,5.0,S1,S5,0.7372875914407905,0.006145292192446329,271.86850520668224,1.2618748610235623e-57,3.8826918800724993e-57,ok,global,,,,,,,
11q13 Invasive Tumor Cells (G1/S),n_cells,global,5.0,5.0,S1,S4,20.52,0.015151515151515152,258.345353813425,1.0364277740523967e-54,2.9612222115782765e-54,ok,global,,,,,,,
Macrophages,fraction,global,5.0,5.0,S3,S5,0.1196500787695119,0.00027863255932682673,257.3485286229195,1.6995378431200368e-54,4.532100914986765e-54,ok,global,,,,,,,
11q13 Invasive Tumor Cells,n_cells,global,5.0,5.0,S1,S4,598.12,0.4212121212121212,227.70748016518397,4.1123879711406464e-48,1.0280969927851615e-47,ok,global,,,,,,,
11q13 Invasive Tumor Cells (G1/S),fraction,global,5.0,5.0,S1,S5,0.02518529617846794,7.586102260658475e-05,227.20230170153056,5.28245768205596e-48,1.242931219307285e-47,ok,global,,,,,,,
"CAFs, DCIS Associated",n_cells,global,5.0,5.0,S4,S2,53.415151515151514,1.581981981981982,223.62852023219887,3.1049015413215557e-47,6.89978120293679e-47,ok,global,,,,,,,
Basal-like Structured DCIS Cells,n_cells,global,5.0,5.0,S1,S5,48.35,1.6451612903225807,157.5935549806354,4.797110223275684e-33,1.0099179417422492e-32,ok,global,,,,,,,
Basal-like Structured DCIS Cells,fraction,global,5.0,5.0,S2,S5,0.165110733363356,0.013348297155907175,157.27304282293994,5.619594209952075e-33,1.123918841990415e-32,ok,global,,,,,,,
Myoepithelial Cells,n_cells,global,5.0,5.0,S4,S2,19.342424242424244,0.8252252252252252,150.59919161872074,1.514688359262347e-31,2.8851206843092327e-31,ok,global,,,,,,,
T Lymphocytes,fraction,global,5.0,5.0,S2,S1,0.30580621314218637,0.0007831287842900265,137.7021610899509,8.760497599587618e-29,1.5928177453795672e-28,ok,global,,,,,,,
"CAFs, Invasive Associated",n_cells,global,5.0,5.0,S1,S4,11.15,0.2727272727272727,125.17931849278472,4.1787160660215145e-26,7.267332288733069e-26,ok,global,,,,,,,
Myeloid Cells,n_cells,global,5.0,5.0,S1,S5,1.46,0.0967741935483871,122.7334646401143,1.3922581566844414e-25,2.3204302611407354e-25,ok,global,,,,,,,
Myeloid Cells,fraction,global,5.0,5.0,S3,S5,0.02714590043972934,0.00030073348702041675,84.52667903121525,1.9115466508549688e-17,3.05847464136795e-17,ok,global,,,,,,,
Dendritic Cells,fraction,global,5.0,5.0,S2,S5,0.13649365356177207,0.010402233421219346,74.01458982983195,3.2196079347289508e-15,4.9532429765060785e-15,ok,global,,,,,,,
Myoepithelial Cells,fraction,global,5.0,5.0,S4,S2,0.13444226100331713,0.01876272567115958,72.11588858728221,8.111759921279124e-15,1.2017422105598701e-14,ok,global,,,,,,,
Dendritic Cells,n_cells,global,5.0,5.0,S1,S4,5.63,1.4181818181818182,65.79832856726452,1.7468816549274293e-13,2.495545221324899e-13,ok,global,,,,,,,
Mast Cells,n_cells,global,5.0,5.0,S4,S2,0.4090909090909091,0.09009009009009009,64.38801889639048,3.46241451382783e-13,4.775744157003903e-13,ok,global,,,,,,,
Apocrine Cells,n_cells,global,5.0,5.0,S4,S3,1.1545454545454545,0.010676156583629894,60.08563896873841,2.783110415235938e-12,3.7108138869812506e-12,ok,global,,,,,,,
"CAFs, Invasive Associated",fraction,global,5.0,5.0,S1,S5,0.08154202054515691,0.0005449648682535209,55.19743080762732,2.9537702937155923e-11,3.811316508020119e-11,ok,global,,,,,,,
Apocrine Cells,fraction,global,5.0,5.0,S5,S3,0.02413996720969152,0.00044784775728671844,54.68590967710579,3.78051285780363e-11,4.7256410722545376e-11,ok,global,,,,,,,
T Lymphocytes,n_cells,global,5.0,5.0,S2,S5,8.583783783783783,0.5806451612903226,45.90773846889944,2.574168239063096e-09,3.120203926137086e-09,ok,global,,,,,,,
Mast Cells,fraction,global,5.0,5.0,S3,S1,0.011081144485825865,4.8491669826384585e-05,40.60491657970996,3.244771503797706e-08,3.817378239762007e-08,ok,global,,,,,,,
B Cells,fraction,global,5.0,5.0,S2,S1,0.0930850548243062,0.0006549757654305975,33.84427924031967,8.020436362313064e-07,9.166212985500644e-07,ok,global,,,,,,,
Plasma Cells,n_cells,global,5.0,5.0,S4,S1,1.5454545454545454,0.21,33.37509494413782,1.0008242847645593e-06,1.1120269830717325e-06,ok,global,,,,,,,
B Cells,n_cells,global,5.0,5.0,S2,S5,2.145945945945946,0.2903225806451613,29.96993081338339,4.96391016397437e-06,5.366389366458778e-06,ok,global,,,,,,,
Plasma Cells,fraction,global,5.0,5.0,S4,S1,0.011404802265630995,0.00021791292515208947,14.19810542198219,0.00668890158836802,0.007040949040387389,ok,global,,,,,,,
Unassigned,n_cells,global,5.0,5.0,S4,S1,0.00909090909090909,0.0,3.516298256952227,0.47540449004482965,0.4875943487639279,ok,global,,,,,,,
Unassigned,fraction,global,5.0,5.0,S3,S1,1.0906258324225692e-05,0.0,2.591400784989786,0.6283471908388283,0.6283471908388283,ok,global,,,,,,,
Luminal-like Amorphous DCIS Cells,n_cells,pairwise,,,,,,,1681.5,1.2791737403636612e-89,5.116694961454645e-87,ok,pairwise,S2,S5,555.0,31.0,0.02882882882882883,256.7741935483871,-256.74536471955827
Pericytes,n_cells,pairwise,,,,,,,71830.5,2.2854673762566494e-74,4.570934752513299e-72,ok,pairwise,S2,S3,555.0,562.0,0.6288288288288288,10.597864768683275,-9.969035939854447
Endothelial Cells,n_cells,pairwise,,,,,,,72501.5,1.3997073335389677e-72,1.8662764447186236e-70,ok,pairwise,S2,S3,555.0,562.0,0.9477477477477477,10.983985765124554,-10.036238017376807
Luminal-like Amorphous DCIS Cells,fraction,pairwise,,,,,,,169.0,4.8843830777972394e-67,4.884383077797239e-65,ok,pairwise,S2,S5,334.0,26.0,0.0008991335917114372,0.86364841726621,-0.8627492836744985
Endothelial Cells,fraction,pairwise,,,,,,,28748.0,6.648844845407102e-64,5.319075876325681e-62,ok,pairwise,S2,S3,334.0,486.0,0.010604231108778976,0.1559209611358662,-0.14531673002708723
Pericytes,fraction,pairwise,,,,,,,29632.0,3.1440245990320577e-62,2.0960163993547052e-60,ok,pairwise,S2,S3,334.0,486.0,0.013549200843770563,0.14361128106202325,-0.1300620802182527
CXCL14+ Fibroblasts,n_cells,pairwise,,,,,,,82066.0,5.455452899227511e-61,3.1174016567014347e-59,ok,pairwise,S2,S3,555.0,562.0,0.409009009009009,5.2562277580071175,-4.847218748998109
Pericytes,n_cells,pairwise,,,,,,,143571.5,1.0422648125550453e-52,5.2113240627752264e-51,ok,pairwise,S3,S4,562.0,330.0,10.597864768683275,5.115151515151515,5.4827132535317595
Endothelial Cells,n_cells,pairwise,,,,,,,142798.0,1.0706762718481716e-50,4.758561208214096e-49,ok,pairwise,S3,S4,562.0,330.0,10.983985765124554,5.7727272727272725,5.211258492397282
Macrophages,n_cells,pairwise,,,,,,,89078.5,8.406558800016648e-50,3.362623520006659e-48,ok,pairwise,S2,S3,555.0,562.0,0.9063063063063063,4.47153024911032,-3.565223942804014
11q13 Invasive Tumor Cells (Mitotic),n_cells,pairwise,,,,,,,43315.0,1.2009644644188196e-48,4.3671435069775258e-47,ok,pairwise,S1,S2,100.0,555.0,20.36,0.1873873873873874,20.17261261261261
Pericytes,fraction,pairwise,,,,,,,87181.5,1.8794858724951552e-48,6.264952908317184e-47,ok,pairwise,S3,S4,486.0,217.0,0.14361128106202325,0.008123250664564196,0.13548803039745905
CXCL14+ Fibroblasts,fraction,pairwise,,,,,,,37084.5,7.240742994231815e-48,2.227920921302097e-46,ok,pairwise,S2,S3,334.0,486.0,0.014592941775796212,0.11977293536317503,-0.10517999358737881
"CAFs, DCIS Associated",fraction,pairwise,,,,,,,11869.5,3.787451211501346e-47,1.0821289175718131e-45,ok,pairwise,S2,S4,334.0,217.0,0.054623582887277276,0.6230552019307445,-0.5684316190434672
Endothelial Cells,fraction,pairwise,,,,,,,86643.5,1.107296747444465e-46,2.9527913265185735e-45,ok,pairwise,S3,S4,486.0,217.0,0.1559209611358662,0.011147970430393443,0.14477299070547275
"CAFs, DCIS Associated",n_cells,pairwise,,,,,,,88707.0,2.920052289034688e-46,7.30013072258672e-45,ok,pairwise,S2,S3,555.0,562.0,1.581981981981982,11.99644128113879,-10.414459299156807
11q13 Invasive Tumor Cells,fraction,pairwise,,,,,,,34868.0,1.2554374632564422e-44,2.9539705017798642e-43,ok,pairwise,S1,S3,76.0,486.0,0.7372875914407905,0.05510775860141752,0.682179832839373
11q13 Invasive Tumor Cells,n_cells,pairwise,,,,,,,27548.0,2.157719076162567e-44,4.79493128036126e-43,ok,pairwise,S1,S4,100.0,330.0,598.12,0.4212121212121212,597.6987878787879
11q13 Invasive Tumor Cells,fraction,pairwise,,,,,,,15550.0,1.9814179514456525e-43,4.1714062135697945e-42,ok,pairwise,S1,S4,76.0,217.0,0.7372875914407905,0.034200988442476356,0.7030866029983142
Luminal-like Amorphous DCIS Cells,n_cells,pairwise,,,,,,,1086.0,3.283466261965706e-42,6.566932523931412e-41,ok,pairwise,S4,S5,330.0,31.0,18.43030303030303,256.7741935483871,-238.34389051808404
11q13 Invasive Tumor Cells (Mitotic),n_cells,pairwise,,,,,,,26054.0,5.813666025203434e-42,1.1073649571816064e-40,ok,pairwise,S1,S4,100.0,330.0,20.36,0.19090909090909092,20.169090909090908
11q13 Invasive Tumor Cells (G1/S),n_cells,pairwise,,,,,,,24791.0,2.414083779807825e-39,4.389243236014227e-38,ok,pairwise,S1,S4,100.0,330.0,20.52,0.015151515151515152,20.504848484848484
11q13 Invasive Tumor Cells (G1/S),n_cells,pairwise,,,,,,,40861.5,3.564695372092237e-39,6.199470212334326e-38,ok,pairwise,S1,S2,100.0,555.0,20.52,0.13693693693693693,20.383063063063062
11q13 Invasive Tumor Cells (Mitotic),fraction,pairwise,,,,,,,31011.0,6.374141829052883e-39,1.0623569715088138e-37,ok,pairwise,S1,S3,76.0,486.0,0.039577660749263124,0.0057254896289977986,0.033852171120265326
CXCL14+ Fibroblasts,n_cells,pairwise,,,,,,,135145.0,1.161061937294023e-38,1.857699099670437e-37,ok,pairwise,S3,S4,562.0,330.0,5.2562277580071175,4.554545454545455,0.7016823034616628
11q13 Invasive Tumor Cells,fraction,pairwise,,,,,,,23781.5,7.968986583603023e-38,1.2259979359389266e-36,ok,pairwise,S1,S2,76.0,334.0,0.7372875914407905,0.09496794525809271,0.6423196461826978
Luminal-like Amorphous DCIS Cells,fraction,pairwise,,,,,,,319.0,4.637389035114448e-37,6.860469461536975e-36,ok,pairwise,S3,S5,486.0,26.0,0.024539189825199124,0.86364841726621,-0.8391092274410109
11q13 Invasive Tumor Cells (Mitotic),fraction,pairwise,,,,,,,14322.5,4.802328623075883e-37,6.860469461536975e-36,ok,pairwise,S1,S4,76.0,217.0,0.039577660749263124,0.00967139013976802,0.029906270609495106
Macrophages,fraction,pairwise,,,,,,,42616.0,9.841678315437444e-37,1.3574728710948199e-35,ok,pairwise,S2,S3,334.0,486.0,0.016830996221619193,0.1196500787695119,-0.10281908254789271
11q13 Invasive Tumor Cells (Mitotic),fraction,pairwise,,,,,,,21348.0,1.929116190043063e-36,2.5721549200574173e-35,ok,pairwise,S1,S2,76.0,334.0,0.039577660749263124,0.009610477008780982,0.029967183740482142
Luminal-like Amorphous DCIS Cells,fraction,pairwise,,,,,,,138.5,5.3523615849324764e-36,6.906273012816099e-35,ok,pairwise,S4,S5,217.0,26.0,0.01710073073487836,0.86364841726621,-0.8465476865313316
Basal-like Structured DCIS Cells,n_cells,pairwise,,,,,,,25852.5,2.2244268490714285e-35,2.7805335613392856e-34,ok,pairwise,S1,S4,100.0,330.0,48.35,4.539393939393939,43.81060606060606
11q13 Invasive Tumor Cells (G1/S),fraction,pairwise,,,,,,,13584.5,6.435622781842515e-35,7.800754887081837e-34,ok,pairwise,S1,S4,76.0,217.0,0.02518529617846794,0.0012604156352588138,0.023924880543209126
11q13 Invasive Tumor Cells (Mitotic),n_cells,pairwise,,,,,,,42812.5,3.4257715513424445e-34,4.0303194721675817e-33,ok,pairwise,S1,S3,100.0,562.0,20.36,0.4804270462633452,19.879572953736655
Macrophages,n_cells,pairwise,,,,,,,132070.0,1.2734054909232911e-33,1.45532056105519e-32,ok,pairwise,S3,S4,562.0,330.0,4.47153024911032,2.8666666666666667,1.6048635824436537
Luminal-like Amorphous DCIS Cells,n_cells,pairwise,,,,,,,1988.5,3.5509270839181406e-33,3.945474537686823e-32,ok,pairwise,S3,S5,562.0,31.0,0.8772241992882562,256.7741935483871,-255.8969693490988
"CAFs, DCIS Associated",fraction,pairwise,,,,,,,23507.0,9.141043929911916e-33,9.882209653958828e-32,ok,pairwise,S3,S4,486.0,217.0,0.16300951164078376,0.6230552019307445,-0.46004569028996073
CXCL14+ Fibroblasts,fraction,pairwise,,,,,,,80336.0,1.3352184477655193e-32,1.405493102911073e-31,ok,pairwise,S3,S4,486.0,217.0,0.11977293536317503,0.016067856343946297,0.10370507901922874
11q13 Invasive Tumor Cells,n_cells,pairwise,,,,,,,44389.0,3.151707198569186e-32,3.2325202036607036e-31,ok,pairwise,S1,S2,100.0,555.0,598.12,3.081081081081081,595.038918918919
11q13 Invasive Tumor Cells (G1/S),fraction,pairwise,,,,,,,20102.5,5.4937480970423095e-30,5.49374809704231e-29,ok,pairwise,S1,S2,76.0,334.0,0.02518529617846794,0.00637871783862441,0.018806578339843533
Macrophages,fraction,pairwise,,,,,,,78564.5,7.931533064700607e-29,7.7380810387323e-28,ok,pairwise,S3,S4,486.0,217.0,0.1196500787695119,0.011780049556769374,0.10787002921274252
11q13 Invasive Tumor Cells (G1/S),fraction,pairwise,,,,,,,28710.5,1.643664675434935e-28,1.5653949289856523e-27,ok,pairwise,S1,S3,76.0,486.0,0.02518529617846794,0.00608082404262676,0.019104472135841183
"CAFs, DCIS Associated",fraction,pairwise,,,,,,,46366.5,1.7781705491543154e-28,1.6541121387482e-27,ok,pairwise,S2,S3,334.0,486.0,0.054623582887277276,0.16300951164078376,-0.10838592875350647
Basal-like Structured DCIS Cells,fraction,pairwise,,,,,,,13709.5,4.8932263993699845e-27,4.448387635790895e-26,ok,pairwise,S1,S4,76.0,217.0,0.05266485905856183,0.01419319467508774,0.03847166438347409
11q13 Invasive Tumor Cells,n_cells,pairwise,,,,,,,43977.0,2.0905043171403802e-26,1.858226059680338e-25,ok,pairwise,S1,S3,100.0,562.0,598.12,7.140569395017794,590.9794306049822
11q13 Invasive Tumor Cells (G1/S),n_cells,pairwise,,,,,,,40164.5,2.2557345673303177e-25,1.9615083194176676e-24,ok,pairwise,S1,S3,100.0,562.0,20.52,0.49110320284697506,20.028896797153024
"CAFs, DCIS Associated",n_cells,pairwise,,,,,,,60748.0,3.4052422338759445e-25,2.8980784969156976e-24,ok,pairwise,S2,S4,555.0,330.0,1.581981981981982,53.415151515151514,-51.83316953316953
Myoepithelial Cells,n_cells,pairwise,,,,,,,39407.0,2.36752468990677e-23,1.972937241588975e-22,ok,pairwise,S1,S2,100.0,555.0,8.07,0.8252252252252252,7.2447747747747755
Luminal-like Amorphous DCIS Cells,n_cells,pairwise,,,,,,,300.0,5.760191388509607e-23,4.702197051844577e-22,ok,pairwise,S1,S5,100.0,31.0,0.0,256.7741935483871,-256.7741935483871
"CAFs, Invasive Associated",n_cells,pairwise,,,,,,,24003.0,1.3486648845759649e-22,1.0789319076607719e-21,ok,pairwise,S1,S4,100.0,330.0,11.15,0.2727272727272727,10.877272727272727
Myeloid Cells,n_cells,pairwise,,,,,,,125780.0,2.8182921837183843e-22,2.210425242132066e-21,ok,pairwise,S2,S3,555.0,562.0,0.11891891891891893,1.0551601423487544,-0.9362412234298355
Luminal-like Amorphous DCIS Cells,fraction,pairwise,,,,,,,38.0,4.522478198947711e-22,3.478829383805932e-21,ok,pairwise,S1,S5,76.0,26.0,0.0,0.86364841726621,-0.86364841726621
Myoepithelial Cells,n_cells,pairwise,,,,,,,3420.0,9.851362639280509e-20,7.434990671155102e-19,ok,pairwise,S2,S5,555.0,31.0,0.8252252252252252,10.387096774193548,-9.561871548968323
"CAFs, DCIS Associated",fraction,pairwise,,,,,,,2677.5,1.6730788644712485e-19,1.23931767738611e-18,ok,pairwise,S1,S4,76.0,217.0,0.0028057455582461846,0.6230552019307445,-0.6202494563724983
Basal-like Structured DCIS Cells,n_cells,pairwise,,,,,,,40683.0,4.9769647727161215e-19,3.619610743793543e-18,ok,pairwise,S1,S3,100.0,562.0,48.35,2.122775800711744,46.22722419928826
Basal-like Structured DCIS Cells,fraction,pairwise,,,,,,,28299.0,1.012407621718262e-18,7.231483012273301e-18,ok,pairwise,S1,S3,76.0,486.0,0.05266485905856183,0.018741602133558626,0.033923256925003205
"CAFs, Invasive Associated",n_cells,pairwise,,,,,,,38751.0,1.8658294962609503e-18,1.3093540324638247e-17,ok,pairwise,S1,S2,100.0,555.0,11.15,1.5657657657657658,9.584234234234234
Basal-like Structured DCIS Cells,fraction,pairwise,,,,,,,49314.0,2.0938700375946337e-18,1.4440483017894025e-17,ok,pairwise,S2,S4,334.0,217.0,0.165110733363356,0.01419319467508774,0.15091753868826827
T Lymphocytes,fraction,pairwise,,,,,,,108345.5,2.5106774142699205e-18,1.702154179166048e-17,ok,pairwise,S2,S3,334.0,486.0,0.30580621314218637,0.04188546987881252,0.26392074326337384
T Lymphocytes,fraction,pairwise,,,,,,,50835.5,3.209134107166497e-18,2.1394227381109982e-17,ok,pairwise,S2,S4,334.0,217.0,0.30580621314218637,0.03584737968671101,0.26995883345547533
Endothelial Cells,fraction,pairwise,,,,,,,7647.0,6.230271138915266e-17,4.085423697649355e-16,ok,pairwise,S1,S3,76.0,486.0,0.003822386355861836,0.1559209611358662,-0.15209857478000438
Pericytes,fraction,pairwise,,,,,,,7829.5,1.9968387487126866e-16,1.2882830636856042e-15,ok,pairwise,S1,S3,76.0,486.0,0.004538521727193776,0.14361128106202325,-0.1390727593348295
"CAFs, DCIS Associated",fraction,pairwise,,,,,,,8107.0,6.238245552296845e-16,3.96079082685514e-15,ok,pairwise,S1,S3,76.0,486.0,0.0028057455582461846,0.16300951164078376,-0.16020376608253756
Basal-like Structured DCIS Cells,n_cells,pairwise,,,,,,,39303.0,9.590105226297569e-16,5.99381576643598e-15,ok,pairwise,S1,S2,100.0,555.0,48.35,3.78018018018018,44.56981981981982
CXCL14+ Fibroblasts,n_cells,pairwise,,,,,,,36142.0,1.1091186762801059e-15,6.8253457001852675e-15,ok,pairwise,S1,S2,100.0,555.0,5.84,0.409009009009009,5.430990990990991
Myeloid Cells,fraction,pairwise,,,,,,,63754.0,1.9390859427002595e-15,1.1752036016365208e-14,ok,pairwise,S2,S3,334.0,486.0,0.0014616749856544069,0.02714590043972934,-0.025684225454074932
"CAFs, Invasive Associated",fraction,pairwise,,,,,,,12251.0,7.884865402896656e-15,4.707382330087556e-14,ok,pairwise,S1,S4,76.0,217.0,0.08154202054515691,0.03845669990930821,0.0430853206358487
11q13 Invasive Tumor Cells (Mitotic),n_cells,pairwise,,,,,,,3308.5,1.5850727564752242e-14,9.32395739103073e-14,ok,pairwise,S4,S5,330.0,31.0,0.19090909090909092,0.9032258064516129,-0.712316715542522
Dendritic Cells,fraction,pairwise,,,,,,,48144.0,1.6143565482978215e-14,9.358588685784473e-14,ok,pairwise,S2,S4,334.0,217.0,0.13649365356177207,0.01327108712999317,0.1232225664317789
11q13 Invasive Tumor Cells,n_cells,pairwise,,,,,,,112465.0,5.079795954289997e-14,2.9027405453085697e-13,ok,pairwise,S3,S4,562.0,330.0,7.140569395017794,0.4212121212121212,6.719357273805673
Basal-like Structured DCIS Cells,fraction,pairwise,,,,,,,102257.5,6.09867043172832e-14,3.435870665762434e-13,ok,pairwise,S2,S3,334.0,486.0,0.165110733363356,0.018741602133558626,0.14636913122979736
Dendritic Cells,n_cells,pairwise,,,,,,,21956.5,1.9898015470611415e-13,1.1054453039228564e-12,ok,pairwise,S1,S4,100.0,330.0,5.63,1.4181818181818182,4.211818181818182
Basal-like Structured DCIS Cells,n_cells,pairwise,,,,,,,110129.0,2.1345685160882328e-13,1.1696265841579359e-12,ok,pairwise,S2,S4,555.0,330.0,3.78018018018018,4.539393939393939,-0.7592137592137589
Macrophages,fraction,pairwise,,,,,,,9282.0,4.581281788868265e-13,2.4763685345233868e-12,ok,pairwise,S1,S3,76.0,486.0,0.0010981730173872054,0.1196500787695119,-0.1185519057521247
Pericytes,n_cells,pairwise,,,,,,,35123.5,7.081272653572034e-13,3.776678748571752e-12,ok,pairwise,S1,S2,100.0,555.0,7.68,0.6288288288288288,7.051171171171171
Myoepithelial Cells,n_cells,pairwise,,,,,,,22499.0,7.775601846732159e-13,4.0924220245958726e-12,ok,pairwise,S1,S4,100.0,330.0,8.07,19.342424242424244,-11.272424242424243
Myoepithelial Cells,n_cells,pairwise,,,,,,,2255.0,1.4130165263171783e-12,7.340345591258069e-12,ok,pairwise,S4,S5,330.0,31.0,19.342424242424244,10.387096774193548,8.955327468230696
Luminal-like Amorphous DCIS Cells,n_cells,pairwise,,,,,,,140942.0,2.2420482414711826e-12,1.1497683289595809e-11,ok,pairwise,S2,S3,555.0,562.0,0.02882882882882883,0.8772241992882562,-0.8483953704594274
11q13 Invasive Tumor Cells,fraction,pairwise,,,,,,,1877.0,6.272127381504845e-12,3.175760699496124e-11,ok,pairwise,S1,S5,76.0,26.0,0.7372875914407905,0.006145292192446329,0.7311422992483442
Myoepithelial Cells,fraction,pairwise,,,,,,,17791.5,8.938113493257867e-12,4.448932169862033e-11,ok,pairwise,S1,S2,76.0,334.0,0.022385031985703564,0.01876272567115958,0.0036223063145439834
"CAFs, Invasive Associated",n_cells,pairwise,,,,,,,111156.0,9.009087643970617e-12,4.448932169862033e-11,ok,pairwise,S3,S4,562.0,330.0,3.5498220640569396,0.2727272727272727,3.2770947913296666
Pericytes,n_cells,pairwise,,,,,,,21026.0,1.3765636056373728e-11,6.714944417743281e-11,ok,pairwise,S1,S4,100.0,330.0,7.68,5.115151515151515,2.5648484848484845
Myeloid Cells,n_cells,pairwise,,,,,,,108623.0,1.771226395986006e-11,8.536030824028944e-11,ok,pairwise,S3,S4,562.0,330.0,1.0551601423487544,0.296969696969697,0.7581904453790574
Dendritic Cells,n_cells,pairwise,,,,,,,111113.5,3.1774725338541105e-11,1.5130821589781478e-10,ok,pairwise,S3,S4,562.0,330.0,1.9270462633451957,1.4181818181818182,0.5088644451633775
11q13 Invasive Tumor Cells,fraction,pairwise,,,,,,,45708.5,3.707259467836976e-11,1.726219263535685e-10,ok,pairwise,S2,S4,334.0,217.0,0.09496794525809271,0.034200988442476356,0.060766956815616356
Endothelial Cells,n_cells,pairwise,,,,,,,34645.0,3.711371416601723e-11,1.726219263535685e-10,ok,pairwise,S1,S2,100.0,555.0,7.13,0.9477477477477477,6.182252252252252
CXCL14+ Fibroblasts,n_cells,pairwise,,,,,,,21234.0,4.8075687797457566e-11,2.2103764504578189e-10,ok,pairwise,S1,S4,100.0,330.0,5.84,4.554545454545455,1.2854545454545452
Myoepithelial Cells,fraction,pairwise,,,,,,,1811.0,5.195440504275044e-11,2.3615638655795655e-10,ok,pairwise,S2,S5,334.0,26.0,0.01876272567115958,0.04905181728219472,-0.030289091611035136
11q13 Invasive Tumor Cells (Mitotic),fraction,pairwise,,,,,,,1691.5,5.2607382613005445e-11,2.36437674665193e-10,ok,pairwise,S4,S5,217.0,26.0,0.00967139013976802,0.0029872716222766227,0.006684118517491398
CXCL14+ Fibroblasts,fraction,pairwise,,,,,,,10149.5,8.123083803399497e-11,3.610259468177554e-10,ok,pairwise,S1,S3,76.0,486.0,0.005692842126951685,0.11977293536317503,-0.11408009323622334
11q13 Invasive Tumor Cells (Mitotic),n_cells,pairwise,,,,,,,5829.5,9.095016609579783e-11,3.9978094987163877e-10,ok,pairwise,S2,S5,555.0,31.0,0.1873873873873874,0.9032258064516129,-0.7158384190642255
Basal-like Structured DCIS Cells,n_cells,pairwise,,,,,,,108437.5,1.3493918002714093e-10,5.866920870745257e-10,ok,pairwise,S3,S4,562.0,330.0,2.122775800711744,4.539393939393939,-2.416618138682195
Mast Cells,n_cells,pairwise,,,,,,,138008.5,1.4011286740842322e-10,5.965232643947205e-10,ok,pairwise,S2,S3,555.0,562.0,0.09009009009009009,0.35231316725978645,-0.2622230771696964
T Lymphocytes,fraction,pairwise,,,,,,,7067.0,1.4018296713275932e-10,5.965232643947205e-10,ok,pairwise,S1,S2,76.0,334.0,0.0007831287842900265,0.30580621314218637,-0.3050230843578963
Myeloid Cells,n_cells,pairwise,,,,,,,31982.5,2.608654555177852e-10,1.098380865338043e-09,ok,pairwise,S1,S2,100.0,555.0,1.46,0.11891891891891893,1.341081081081081
Myoepithelial Cells,n_cells,pairwise,,,,,,,4150.0,4.55121421111742e-10,1.8963392546322584e-09,ok,pairwise,S3,S5,562.0,31.0,1.3469750889679715,10.387096774193548,-9.040121685225577
Myoepithelial Cells,n_cells,pairwise,,,,,,,36818.0,7.970169866461955e-10,3.2866679861698784e-09,ok,pairwise,S1,S3,100.0,562.0,8.07,1.3469750889679715,6.723024911032029
T Lymphocytes,n_cells,pairwise,,,,,,,111533.0,8.372951772456687e-10,3.4175313356966074e-09,ok,pairwise,S3,S4,562.0,330.0,3.6868327402135233,3.6606060606060606,0.02622667960746261
Apocrine Cells,fraction,pairwise,,,,,,,20695.0,1.3796907588310967e-09,5.5745081164892795e-09,ok,pairwise,S1,S3,76.0,486.0,0.0006780542314998804,0.00044784775728671844,0.000230206474213162
Endothelial Cells,n_cells,pairwise,,,,,,,20628.5,1.8695215666652926e-09,7.47808626666117e-09,ok,pairwise,S1,S4,100.0,330.0,7.13,5.7727272727272725,1.3572727272727274
"CAFs, DCIS Associated",n_cells,pairwise,,,,,,,18113.5,2.107542369119995e-09,8.346702451960377e-09,ok,pairwise,S1,S3,100.0,562.0,2.2,11.99644128113879,-9.79644128113879
Dendritic Cells,fraction,pairwise,,,,,,,98363.5,5.085279831193544e-09,1.994227384781782e-08,ok,pairwise,S2,S3,334.0,486.0,0.13649365356177207,0.028599733164416018,0.10789392039735604
11q13 Invasive Tumor Cells,n_cells,pairwise,,,,,,,105549.0,6.051936698517742e-09,2.350266679036016e-08,ok,pairwise,S2,S4,555.0,330.0,3.081081081081081,0.4212121212121212,2.6598689598689598
Mast Cells,n_cells,pairwise,,,,,,,104389.0,7.303744144253916e-09,2.8091323631745832e-08,ok,pairwise,S3,S4,562.0,330.0,0.35231316725978645,0.4090909090909091,-0.05677774183112266
Luminal-like Amorphous DCIS Cells,fraction,pairwise,,,,,,,72395.0,9.528843183974079e-09,3.6300354986567915e-08,ok,pairwise,S2,S3,334.0,486.0,0.0008991335917114372,0.024539189825199124,-0.023640056233487687
Myoepithelial Cells,n_cells,pairwise,,,,,,,134992.0,1.1485067285183941e-08,4.3339876547863924e-08,ok,pairwise,S2,S3,555.0,562.0,0.8252252252252252,1.3469750889679715,-0.5217498637427462
Apocrine Cells,n_cells,pairwise,,,,,,,30662.5,1.6950574131192695e-08,6.336663226614092e-08,ok,pairwise,S1,S3,100.0,562.0,0.13,0.010676156583629894,0.11932384341637012
11q13 Invasive Tumor Cells,fraction,pairwise,,,,,,,63538.5,1.7899382231927494e-08,6.629400826639812e-08,ok,pairwise,S3,S4,486.0,217.0,0.05510775860141752,0.034200988442476356,0.020906770158941164
Dendritic Cells,n_cells,pairwise,,,,,,,106405.0,2.00329699153245e-08,7.351548592779634e-08,ok,pairwise,S2,S4,555.0,330.0,3.5153153153153154,1.4181818181818182,2.0971334971334974
Apocrine Cells,n_cells,pairwise,,,,,,,30271.0,2.3415549415459696e-08,8.514745241985344e-08,ok,pairwise,S1,S2,100.0,555.0,0.13,0.0990990990990991,0.030900900900900904
Myeloid Cells,fraction,pairwise,,,,,,,62417.0,2.818276617830858e-08,1.0155951775967056e-07,ok,pairwise,S3,S4,486.0,217.0,0.02714590043972934,0.003586206579790226,0.023559693859939113
Myoepithelial Cells,fraction,pairwise,,,,,,,2955.0,3.319970784748787e-08,1.1857038516959954e-07,ok,pairwise,S3,S5,486.0,26.0,0.022329015980367697,0.04905181728219472,-0.02672280130182702
11q13 Invasive Tumor Cells (G1/S),n_cells,pairwise,,,,,,,102061.0,3.876236496376098e-08,1.3721191137614506e-07,ok,pairwise,S3,S4,562.0,330.0,0.49110320284697506,0.015151515151515152,0.4759516876954599
"CAFs, Invasive Associated",n_cells,pairwise,,,,,,,134433.0,4.8417949102861985e-08,1.6988754071179643e-07,ok,pairwise,S2,S3,555.0,562.0,1.5657657657657658,3.5498220640569396,-1.9840562982911738
"CAFs, DCIS Associated",fraction,pairwise,,,,,,,4607.5,6.700715911848349e-08,2.3306837954255126e-07,ok,pairwise,S4,S5,217.0,26.0,0.6230552019307445,0.01025884154487899,0.6127963603858655
B Cells,n_cells,pairwise,,,,,,,107297.5,7.940964687111979e-08,2.7382636852110273e-07,ok,pairwise,S3,S4,562.0,330.0,1.3647686832740213,1.606060606060606,-0.24129192278658462
11q13 Invasive Tumor Cells,n_cells,pairwise,,,,,,,2503.0,8.833417854935218e-08,3.0199719162171684e-07,ok,pairwise,S1,S5,100.0,31.0,598.12,0.5161290322580645,597.603870967742
CXCL14+ Fibroblasts,fraction,pairwise,,,,,,,16314.5,9.25157705197909e-08,3.1361278142302e-07,ok,pairwise,S1,S2,76.0,334.0,0.005692842126951685,0.014592941775796212,-0.008900099648844527
11q13 Invasive Tumor Cells (G1/S),fraction,pairwise,,,,,,,1638.5,1.074103739609682e-07,3.610432738183805e-07,ok,pairwise,S1,S5,76.0,26.0,0.02518529617846794,7.586102260658475e-05,0.025109435155861358
Myeloid Cells,fraction,pairwise,,,,,,,15014.0,1.9293947902769477e-07,6.431315967589826e-07,ok,pairwise,S1,S2,76.0,334.0,0.001612357113284619,0.0014616749856544069,0.00015068212763021203
"CAFs, Invasive Associated",n_cells,pairwise,,,,,,,35657.0,2.611605123078352e-07,8.633405365548273e-07,ok,pairwise,S1,S3,100.0,562.0,11.15,3.5498220640569396,7.60017793594306
Endothelial Cells,fraction,pairwise,,,,,,,10047.0,2.69551587503282e-07,8.837756967320721e-07,ok,pairwise,S3,S5,486.0,26.0,0.1559209611358662,0.00617363739703606,0.14974732373883015
Pericytes,fraction,pairwise,,,,,,,10027.5,3.061593857658343e-07,9.956402789132822e-07,ok,pairwise,S3,S5,486.0,26.0,0.14361128106202325,0.004209248211766553,0.1394020328502567
CXCL14+ Fibroblasts,n_cells,pairwise,,,,,,,6048.5,3.2607138317492744e-07,1.051843171532024e-06,ok,pairwise,S2,S5,555.0,31.0,0.409009009009009,2.7419354838709675,-2.3329264748619587
Plasma Cells,n_cells,pairwise,,,,,,,6418.0,3.294093861986803e-07,1.0541100358357768e-06,ok,pairwise,S2,S5,555.0,31.0,0.24324324324324326,0.5483870967741935,-0.30514385353095025
"CAFs, Invasive Associated",fraction,pairwise,,,,,,,16717.0,3.6915466258471914e-07,1.1719195637610132e-06,ok,pairwise,S1,S2,76.0,334.0,0.08154202054515691,0.04841487587439291,0.033127144670764004
11q13 Invasive Tumor Cells (Mitotic),fraction,pairwise,,,,,,,1641.0,3.871430747301438e-07,1.2193482668665948e-06,ok,pairwise,S1,S5,76.0,26.0,0.039577660749263124,0.0029872716222766227,0.0365903891269865
Pericytes,fraction,pairwise,,,,,,,10552.0,4.4711478048909764e-07,1.39723368902843e-06,ok,pairwise,S1,S4,76.0,217.0,0.004538521727193776,0.008123250664564196,-0.0035847289373704197
Macrophages,fraction,pairwise,,,,,,,9906.0,4.572218028888019e-07,1.417742024461401e-06,ok,pairwise,S3,S5,486.0,26.0,0.1196500787695119,0.00027863255932682673,0.11937144621018508
Dendritic Cells,fraction,pairwise,,,,,,,10759.0,5.304078925035178e-07,1.6320242846262085e-06,ok,pairwise,S1,S4,76.0,217.0,0.019404950766931814,0.01327108712999317,0.006133863636938644
"CAFs, Invasive Associated",fraction,pairwise,,,,,,,1602.5,8.820909051149963e-07,2.693407343862584e-06,ok,pairwise,S1,S5,76.0,26.0,0.08154202054515691,0.0005449648682535209,0.08099705567690339
Apocrine Cells,fraction,pairwise,,,,,,,14158.0,1.349700660570459e-06,4.066374957604433e-06,ok,pairwise,S1,S2,76.0,334.0,0.0006780542314998804,0.0013949648058547977,-0.0007169105743549172
Myoepithelial Cells,fraction,pairwise,,,,,,,23871.5,1.352069673403474e-06,4.066374957604433e-06,ok,pairwise,S1,S3,76.0,486.0,0.022385031985703564,0.022329015980367697,5.6016005335866176e-05
Mast Cells,fraction,pairwise,,,,,,,59868.5,1.8901174853963374e-06,5.642141747451754e-06,ok,pairwise,S3,S4,486.0,217.0,0.011081144485825865,0.0012762223587486896,0.009804922127077176
Mast Cells,fraction,pairwise,,,,,,,71743.5,2.008710355300158e-06,5.9517343860745416e-06,ok,pairwise,S2,S3,334.0,486.0,0.0011012374656548807,0.011081144485825865,-0.009979907020170984
11q13 Invasive Tumor Cells (Mitotic),fraction,pairwise,,,,,,,2935.0,2.093274023362231e-06,6.156688304006562e-06,ok,pairwise,S2,S5,334.0,26.0,0.009610477008780982,0.0029872716222766227,0.00662320538650436
Dendritic Cells,fraction,pairwise,,,,,,,62256.5,2.4041837616607967e-06,7.019514632586268e-06,ok,pairwise,S3,S4,486.0,217.0,0.028599733164416018,0.01327108712999317,0.015328646034422848
B Cells,fraction,pairwise,,,,,,,43095.5,2.549482031925409e-06,7.389802991088142e-06,ok,pairwise,S2,S4,334.0,217.0,0.0930850548243062,0.014650502015040999,0.0784345528092652
Pericytes,n_cells,pairwise,,,,,,,3711.5,2.7534930322527145e-06,7.923720956122918e-06,ok,pairwise,S4,S5,330.0,31.0,5.115151515151515,2.032258064516129,3.0828934506353862
Endothelial Cells,n_cells,pairwise,,,,,,,20191.5,2.9445128000086992e-06,8.41289371431057e-06,ok,pairwise,S1,S3,100.0,562.0,7.13,10.983985765124554,-3.8539857651245546
11q13 Invasive Tumor Cells (G1/S),n_cells,pairwise,,,,,,,2311.0,3.1184633758663793e-06,8.846704612386891e-06,ok,pairwise,S1,S5,100.0,31.0,20.52,0.03225806451612903,20.48774193548387
Macrophages,n_cells,pairwise,,,,,,,20451.0,3.1995987698863775e-06,9.012954281370078e-06,ok,pairwise,S1,S3,100.0,562.0,1.86,4.47153024911032,-2.61153024911032
Pericytes,fraction,pairwise,,,,,,,15789.0,3.3939328043293575e-06,9.493518333788414e-06,ok,pairwise,S1,S2,76.0,334.0,0.004538521727193776,0.013549200843770563,-0.009010679116576787
Pericytes,n_cells,pairwise,,,,,,,6332.0,4.167462439131482e-06,1.1576284553143004e-05,ok,pairwise,S2,S5,555.0,31.0,0.6288288288288288,2.032258064516129,-1.4034292356873002
Apocrine Cells,n_cells,pairwise,,,,,,,17985.0,4.283774788395122e-06,1.1817309761089992e-05,ok,pairwise,S1,S4,100.0,330.0,0.13,1.1545454545454545,-1.0245454545454544
11q13 Invasive Tumor Cells (G1/S),fraction,pairwise,,,,,,,58541.5,4.5407512589551455e-06,1.244041440809629e-05,ok,pairwise,S3,S4,486.0,217.0,0.00608082404262676,0.0012604156352588138,0.004820408407367947
T Lymphocytes,n_cells,pairwise,,,,,,,104943.5,5.227840864627607e-06,1.4225417318714575e-05,ok,pairwise,S2,S4,555.0,330.0,8.583783783783783,3.6606060606060606,4.923177723177723
T Lymphocytes,fraction,pairwise,,,,,,,13134.0,6.909548256336884e-06,1.8674454746856444e-05,ok,pairwise,S1,S3,76.0,486.0,0.0007831287842900265,0.04188546987881252,-0.04110234109452249
Basal-like Structured DCIS Cells,fraction,pairwise,,,,,,,1562.5,7.566530798041774e-06,2.0312834357159126e-05,ok,pairwise,S1,S5,76.0,26.0,0.05266485905856183,0.013348297155907175,0.03931656190265466
Basal-like Structured DCIS Cells,fraction,pairwise,,,,,,,60773.5,7.91344015913414e-06,2.1102507091024375e-05,ok,pairwise,S3,S4,486.0,217.0,0.018741602133558626,0.01419319467508774,0.004548407458470885
Pericytes,n_cells,pairwise,,,,,,,20703.0,1.218290984249971e-05,3.2272608854303866e-05,ok,pairwise,S1,S3,100.0,562.0,7.68,10.597864768683275,-2.917864768683275
CXCL14+ Fibroblasts,fraction,pairwise,,,,,,,10372.5,1.2933824321066689e-05,3.403637979228076e-05,ok,pairwise,S1,S4,76.0,217.0,0.005692842126951685,0.016067856343946297,-0.010375014216994612
"CAFs, Invasive Associated",fraction,pairwise,,,,,,,61331.0,1.3119214754435395e-05,3.4298600665190576e-05,ok,pairwise,S3,S4,486.0,217.0,0.03676928832627263,0.03845669990930821,-0.001687411583035578
Endothelial Cells,n_cells,pairwise,,,,,,,6395.0,1.3303427944235151e-05,3.455435829671467e-05,ok,pairwise,S2,S5,555.0,31.0,0.9477477477477477,2.161290322580645,-1.2135425748328972
T Lymphocytes,fraction,pairwise,,,,,,,6447.0,1.4045637973845625e-05,3.624680767444033e-05,ok,pairwise,S2,S5,334.0,26.0,0.30580621314218637,0.0007862106076166354,0.30502000253456973
11q13 Invasive Tumor Cells (Mitotic),n_cells,pairwise,,,,,,,100563.5,1.4945469587159798e-05,3.8171812125551606e-05,ok,pairwise,S3,S4,562.0,330.0,0.4804270462633452,0.19090909090909092,0.2895179553542543
CXCL14+ Fibroblasts,n_cells,pairwise,,,,,,,3683.5,1.4982436259279005e-05,3.8171812125551606e-05,ok,pairwise,S4,S5,330.0,31.0,4.554545454545455,2.7419354838709675,1.8126099706744871
"CAFs, DCIS Associated",n_cells,pairwise,,,,,,,12230.5,1.524442986234679e-05,3.859349332239694e-05,ok,pairwise,S1,S4,100.0,330.0,2.2,53.415151515151514,-51.21515151515151
Dendritic Cells,n_cells,pairwise,,,,,,,3666.5,1.6541809823533444e-05,4.161461590826024e-05,ok,pairwise,S4,S5,330.0,31.0,1.4181818181818182,1.8064516129032258,-0.38826979472140755
Basal-like Structured DCIS Cells,n_cells,pairwise,,,,,,,3939.0,1.763623433416396e-05,4.409058583540989e-05,ok,pairwise,S4,S5,330.0,31.0,4.539393939393939,1.6451612903225807,2.894232649071358
"CAFs, DCIS Associated",fraction,pairwise,,,,,,,9406.5,1.8367900360129895e-05,4.5634535056223344e-05,ok,pairwise,S3,S5,486.0,26.0,0.16300951164078376,0.01025884154487899,0.15275067009590476
Macrophages,n_cells,pairwise,,,,,,,12415.0,2.1936325217335102e-05,5.4163765968728646e-05,ok,pairwise,S3,S5,562.0,31.0,4.47153024911032,0.3225806451612903,4.14894960394903
Apocrine Cells,fraction,pairwise,,,,,,,9208.0,2.2381816739717813e-05,5.492470365574923e-05,ok,pairwise,S1,S4,76.0,217.0,0.0006780542314998804,0.000458175190995404,0.00021987904050447643
Plasma Cells,n_cells,pairwise,,,,,,,143905.5,2.4112418296556744e-05,5.8810776333065224e-05,ok,pairwise,S2,S3,555.0,562.0,0.24324324324324326,0.39679715302491103,-0.15355390978166777
Apocrine Cells,fraction,pairwise,,,,,,,5652.5,2.5321753212176702e-05,6.138606839315564e-05,ok,pairwise,S3,S5,486.0,26.0,0.00044784775728671844,0.02413996720969152,-0.023692119452404802
Endothelial Cells,n_cells,pairwise,,,,,,,3786.5,2.575441664185354e-05,6.205883528157479e-05,ok,pairwise,S4,S5,330.0,31.0,5.7727272727272725,2.161290322580645,3.6114369501466275
11q13 Invasive Tumor Cells (Mitotic),n_cells,pairwise,,,,,,,6418.5,2.622032942988771e-05,6.28031842632041e-05,ok,pairwise,S3,S5,562.0,31.0,0.4804270462633452,0.9032258064516129,-0.4227987601882677
Myeloid Cells,n_cells,pairwise,,,,,,,18665.0,2.7480357368093035e-05,6.542942230498342e-05,ok,pairwise,S1,S4,100.0,330.0,1.46,0.296969696969697,1.163030303030303
CXCL14+ Fibroblasts,fraction,pairwise,,,,,,,9291.5,3.311026401144208e-05,7.83674887844783e-05,ok,pairwise,S3,S5,486.0,26.0,0.11977293536317503,0.004547159380153441,0.11522577598302158
Apocrine Cells,n_cells,pairwise,,,,,,,7944.0,3.616639687516587e-05,8.509740441215498e-05,ok,pairwise,S3,S5,562.0,31.0,0.010676156583629894,0.6451612903225806,-0.6344851337389508
Apocrine Cells,n_cells,pairwise,,,,,,,7848.0,4.3296166521382275e-05,0.00010127758250615738,ok,pairwise,S2,S5,555.0,31.0,0.0990990990990991,0.6451612903225806,-0.5460621912234815
Endothelial Cells,fraction,pairwise,,,,,,,10136.0,5.3223804117356856e-05,0.00012377628864501593,ok,pairwise,S1,S4,76.0,217.0,0.003822386355861836,0.011147970430393443,-0.007325584074531607
Endothelial Cells,fraction,pairwise,,,,,,,15325.0,9.691276529294614e-05,0.00022407575790276562,ok,pairwise,S1,S2,76.0,334.0,0.003822386355861836,0.010604231108778976,-0.00678184475291714
Plasma Cells,n_cells,pairwise,,,,,,,3943.5,0.00010849874442645774,0.0002494224009803626,ok,pairwise,S4,S5,330.0,31.0,1.5454545454545454,0.5483870967741935,0.9970674486803519
"CAFs, Invasive Associated",fraction,pairwise,,,,,,,22893.5,0.0001234900527647015,0.0002822629777478891,ok,pairwise,S1,S3,76.0,486.0,0.08154202054515691,0.03676928832627263,0.04477273221888428
Macrophages,n_cells,pairwise,,,,,,,31773.5,0.0001311092405959488,0.0002979755468089746,ok,pairwise,S1,S2,100.0,555.0,1.86,0.9063063063063063,0.9536936936936938
11q13 Invasive Tumor Cells (Mitotic),fraction,pairwise,,,,,,,4570.0,0.00014314641874154166,0.0003234947316193032,ok,pairwise,S3,S5,486.0,26.0,0.0057254896289977986,0.0029872716222766227,0.002738218006721176
"CAFs, Invasive Associated",n_cells,pairwise,,,,,,,2182.5,0.0001641097421644747,0.00036878593744825775,ok,pairwise,S1,S5,100.0,31.0,11.15,0.5161290322580645,10.633870967741936
Myoepithelial Cells,fraction,pairwise,,,,,,,10323.0,0.00017929044332952972,0.00040064903537325076,ok,pairwise,S1,S4,76.0,217.0,0.022385031985703564,0.13444226100331713,-0.11205722901761357
Dendritic Cells,n_cells,pairwise,,,,,,,33002.0,0.00018348048746082352,0.0004077344165796078,ok,pairwise,S1,S2,100.0,555.0,5.63,3.5153153153153154,2.1146846846846845
Myoepithelial Cells,fraction,pairwise,,,,,,,520.0,0.0002816206437953215,0.0006223660636360696,ok,pairwise,S1,S5,76.0,26.0,0.022385031985703564,0.04905181728219472,-0.026666785296491153
Apocrine Cells,n_cells,pairwise,,,,,,,4670.0,0.0003023035161842106,0.0006644033322729903,ok,pairwise,S4,S5,330.0,31.0,1.1545454545454545,0.6451612903225806,0.5093841642228739
Basal-like Structured DCIS Cells,n_cells,pairwise,,,,,,,2180.5,0.00031912261186122556,0.0006975357636310942,ok,pairwise,S1,S5,100.0,31.0,48.35,1.6451612903225807,46.70483870967742
Plasma Cells,fraction,pairwise,,,,,,,3281.0,0.00034739175481276574,0.0007551994669842733,ok,pairwise,S2,S5,334.0,26.0,0.00631163977121101,0.0021670679448517406,0.004144571826359269
Myoepithelial Cells,fraction,pairwise,,,,,,,1814.5,0.00037811763518986227,0.0008175516436537563,ok,pairwise,S4,S5,217.0,26.0,0.13444226100331713,0.04905181728219472,0.08539044372112242
"CAFs, DCIS Associated",n_cells,pairwise,,,,,,,6371.0,0.00041015048344148305,0.0008820440504117915,ok,pairwise,S2,S5,555.0,31.0,1.581981981981982,4.612903225806452,-3.03092124382447
11q13 Invasive Tumor Cells (G1/S),fraction,pairwise,,,,,,,38914.5,0.0005293087758785414,0.0011322112853016928,ok,pairwise,S2,S4,334.0,217.0,0.00637871783862441,0.0012604156352588138,0.005118302203365597
11q13 Invasive Tumor Cells (G1/S),n_cells,pairwise,,,,,,,147017.5,0.000573769420778791,0.001220786001657002,ok,pairwise,S2,S3,555.0,562.0,0.13693693693693693,0.49110320284697506,-0.35416626591003814
Luminal-like Amorphous DCIS Cells,n_cells,pairwise,,,,,,,88620.0,0.00072669942145069,0.0015335329200066793,ok,pairwise,S2,S4,555.0,330.0,0.02882882882882883,18.43030303030303,-18.4014742014742
Luminal-like Amorphous DCIS Cells,n_cells,pairwise,,,,,,,98621.5,0.0007284281370031726,0.0015335329200066793,ok,pairwise,S3,S4,562.0,330.0,0.8772241992882562,18.43030303030303,-17.553078831014773
Luminal-like Amorphous DCIS Cells,n_cells,pairwise,,,,,,,25200.0,0.0007922891407674159,0.0016592442738584629,ok,pairwise,S1,S3,100.0,562.0,0.0,0.8772241992882562,-0.8772241992882562
Myeloid Cells,fraction,pairwise,,,,,,,9442.0,0.0008406847052041789,0.0017514264691753725,ok,pairwise,S1,S4,76.0,217.0,0.001612357113284619,0.003586206579790226,-0.0019738494665056073
Apocrine Cells,fraction,pairwise,,,,,,,3906.5,0.0008587004771824719,0.0017796901081502008,ok,pairwise,S2,S5,334.0,26.0,0.0013949648058547977,0.02413996720969152,-0.02274500240383672
Macrophages,n_cells,pairwise,,,,,,,18786.0,0.0009432896642865208,0.0019449271428588059,ok,pairwise,S1,S4,100.0,330.0,1.86,2.8666666666666667,-1.0066666666666666
11q13 Invasive Tumor Cells (Mitotic),fraction,pairwise,,,,,,,57172.5,0.0009903259607458635,0.002031437868196643,ok,pairwise,S3,S4,486.0,217.0,0.0057254896289977986,0.00967139013976802,-0.003945900510770222
11q13 Invasive Tumor Cells (Mitotic),n_cells,pairwise,,,,,,,147190.0,0.0010247346612602703,0.002091295227061776,ok,pairwise,S2,S3,555.0,562.0,0.1873873873873874,0.4804270462633452,-0.29303965887595784
11q13 Invasive Tumor Cells (Mitotic),n_cells,pairwise,,,,,,,2127.5,0.0010304538433036153,0.002092292067621554,ok,pairwise,S1,S5,100.0,31.0,20.36,0.9032258064516129,19.456774193548387
T Lymphocytes,fraction,pairwise,,,,,,,8481.0,0.001158550158222344,0.0023405053701461495,ok,pairwise,S3,S5,486.0,26.0,0.04188546987881252,0.0007862106076166354,0.041099259271195884
11q13 Invasive Tumor Cells (G1/S),n_cells,pairwise,,,,,,,95600.0,0.0011897654040161753,0.0023914882492787446,ok,pairwise,S2,S4,555.0,330.0,0.13693693693693693,0.015151515151515152,0.12178542178542177
Luminal-like Amorphous DCIS Cells,fraction,pairwise,,,,,,,34486.0,0.0013550527595828496,0.002710105519165699,ok,pairwise,S2,S4,334.0,217.0,0.0008991335917114372,0.01710073073487836,-0.016201597143166924
Pericytes,fraction,pairwise,,,,,,,2127.5,0.0013655483635263408,0.0027175091811469467,ok,pairwise,S4,S5,217.0,26.0,0.008123250664564196,0.004209248211766553,0.003914002452797643
Plasma Cells,fraction,pairwise,,,,,,,699.0,0.0013938785317853318,0.0027601555084858054,ok,pairwise,S1,S5,76.0,26.0,0.00021791292515208947,0.0021670679448517406,-0.0019491550196996511
T Lymphocytes,fraction,pairwise,,,,,,,59778.5,0.0014028520673196522,0.002764240526738231,ok,pairwise,S3,S4,486.0,217.0,0.04188546987881252,0.03584737968671101,0.006038090192101504
Luminal-like Amorphous DCIS Cells,fraction,pairwise,,,,,,,16264.0,0.0015223455393853363,0.002975891277007355,ok,pairwise,S1,S3,76.0,486.0,0.0,0.024539189825199124,-0.024539189825199124
B Cells,fraction,pairwise,,,,,,,90020.5,0.0015251442794662695,0.002975891277007355,ok,pairwise,S2,S3,334.0,486.0,0.0930850548243062,0.01535216275267714,0.07773289207162905
CXCL14+ Fibroblasts,fraction,pairwise,,,,,,,3257.0,0.0015568231599486784,0.003022957592133356,ok,pairwise,S2,S5,334.0,26.0,0.014592941775796212,0.004547159380153441,0.010045782395642772
Dendritic Cells,n_cells,pairwise,,,,,,,32713.5,0.0016291200174359374,0.0031480580047071253,ok,pairwise,S1,S3,100.0,562.0,5.63,1.9270462633451957,3.702953736654804
B Cells,fraction,pairwise,,,,,,,58960.5,0.0016870522704220021,0.003244331289273081,ok,pairwise,S3,S4,486.0,217.0,0.01535216275267714,0.014650502015040999,0.0007016607376361412
Apocrine Cells,fraction,pairwise,,,,,,,2535.0,0.0017144886721232582,0.0032813180327717862,ok,pairwise,S4,S5,217.0,26.0,0.000458175190995404,0.02413996720969152,-0.023681792018696114
B Cells,fraction,pairwise,,,,,,,10293.0,0.0019796414536716344,0.0037707456260412087,ok,pairwise,S1,S2,76.0,334.0,0.0006549757654305975,0.0930850548243062,-0.0924300790588756
B Cells,n_cells,pairwise,,,,,,,99133.0,0.002061096117998794,0.00390729121895506,ok,pairwise,S2,S4,555.0,330.0,2.145945945945946,1.606060606060606,0.5398853398853398
Pericytes,n_cells,pairwise,,,,,,,11450.0,0.002279024533293321,0.004300046289232681,ok,pairwise,S3,S5,562.0,31.0,10.597864768683275,2.032258064516129,8.565606704167145
Basal-like Structured DCIS Cells,fraction,pairwise,,,,,,,2214.0,0.0023100608454386705,0.004338142432748677,ok,pairwise,S4,S5,217.0,26.0,0.01419319467508774,0.013348297155907175,0.0008448975191805656
Myoepithelial Cells,fraction,pairwise,,,,,,,32154.5,0.002360650947229779,0.004412431677065008,ok,pairwise,S2,S4,334.0,217.0,0.01876272567115958,0.13444226100331713,-0.11567953533215755
T Lymphocytes,n_cells,pairwise,,,,,,,23501.5,0.002396623759799234,0.0044588349019520634,ok,pairwise,S1,S3,100.0,562.0,1.32,3.6868327402135233,-2.366832740213523
Endothelial Cells,n_cells,pairwise,,,,,,,11424.0,0.002530071548347715,0.004685317682125398,ok,pairwise,S3,S5,562.0,31.0,10.983985765124554,2.161290322580645,8.82269544254391
Plasma Cells,n_cells,pairwise,,,,,,,1211.5,0.003415323278913294,0.006295526781406994,ok,pairwise,S1,S5,100.0,31.0,0.21,0.5483870967741935,-0.33838709677419354
B Cells,fraction,pairwise,,,,,,,15439.0,0.005139936017165387,0.00943107526085392,ok,pairwise,S1,S3,76.0,486.0,0.0006549757654305975,0.01535216275267714,-0.014697186987246542
Dendritic Cells,fraction,pairwise,,,,,,,2149.0,0.005351490293507442,0.009756575500041293,ok,pairwise,S4,S5,217.0,26.0,0.01327108712999317,0.010402233421219346,0.0028688537087738237
"CAFs, Invasive Associated",fraction,pairwise,,,,,,,39956.5,0.005366116525022712,0.009756575500041293,ok,pairwise,S2,S4,334.0,217.0,0.04841487587439291,0.03845669990930821,0.0099581759650847
11q13 Invasive Tumor Cells,n_cells,pairwise,,,,,,,4360.0,0.005865008421791745,0.010615399858446598,ok,pairwise,S4,S5,330.0,31.0,0.4212121212121212,0.5161290322580645,-0.0949169110459433
B Cells,n_cells,pairwise,,,,,,,144882.0,0.006375843263735119,0.011488005880603818,ok,pairwise,S2,S3,555.0,562.0,2.145945945945946,1.3647686832740213,0.7811772626719244
Endothelial Cells,fraction,pairwise,,,,,,,2203.5,0.006664367162848106,0.011954021816767904,ok,pairwise,S4,S5,217.0,26.0,0.011147970430393443,0.00617363739703606,0.004974333033357383
Pericytes,fraction,pairwise,,,,,,,3430.0,0.007078634787386741,0.01264041926319061,ok,pairwise,S2,S5,334.0,26.0,0.013549200843770563,0.004209248211766553,0.00933995263200401
Myoepithelial Cells,fraction,pairwise,,,,,,,74306.0,0.007318646821088939,0.013010927681935892,ok,pairwise,S2,S3,334.0,486.0,0.01876272567115958,0.022329015980367697,-0.003566290309208117
CXCL14+ Fibroblasts,fraction,pairwise,,,,,,,2199.0,0.008838371213638774,0.01564313489139606,ok,pairwise,S4,S5,217.0,26.0,0.016067856343946297,0.004547159380153441,0.011520696963792855
Plasma Cells,n_cells,pairwise,,,,,,,7202.5,0.00923555784086759,0.016274110732806324,ok,pairwise,S3,S5,562.0,31.0,0.39679715302491103,0.5483870967741935,-0.15158994374928247
"CAFs, DCIS Associated",n_cells,pairwise,,,,,,,101765.0,0.01064498361227549,0.01867540984609735,ok,pairwise,S3,S4,562.0,330.0,11.99644128113879,53.415151515151514,-41.41871023401272
Plasma Cells,fraction,pairwise,,,,,,,2264.0,0.010948305932285522,0.019123678484341523,ok,pairwise,S4,S5,217.0,26.0,0.011404802265630995,0.0021670679448517406,0.009237734320779255
11q13 Invasive Tumor Cells,n_cells,pairwise,,,,,,,145503.5,0.011144715168368237,0.019382113336292587,ok,pairwise,S2,S3,555.0,562.0,3.081081081081081,7.140569395017794,-4.059488313936713
T Lymphocytes,n_cells,pairwise,,,,,,,10753.5,0.01135382791548725,0.019660308078765804,ok,pairwise,S3,S5,562.0,31.0,3.6868327402135233,0.5806451612903226,3.1061875789232007
Myoepithelial Cells,n_cells,pairwise,,,,,,,86038.5,0.013207411109789121,0.022771398465153657,ok,pairwise,S2,S4,555.0,330.0,0.8252252252252252,19.342424242424244,-18.51719901719902
"CAFs, Invasive Associated",n_cells,pairwise,,,,,,,96996.5,0.014540168508300415,0.024961662675193844,ok,pairwise,S2,S4,555.0,330.0,1.5657657657657658,0.2727272727272727,1.293038493038493
Endothelial Cells,fraction,pairwise,,,,,,,3496.0,0.0148211025118041,0.025335217968895898,ok,pairwise,S2,S5,334.0,26.0,0.010604231108778976,0.00617363739703606,0.0044305937117429155
Myoepithelial Cells,n_cells,pairwise,,,,,,,99352.0,0.014971631787170685,0.025483628573907548,ok,pairwise,S3,S4,562.0,330.0,1.3469750889679715,19.342424242424244,-17.99544915345627
"CAFs, DCIS Associated",fraction,pairwise,,,,,,,715.5,0.016091424604369645,0.027273601024355328,ok,pairwise,S1,S5,76.0,26.0,0.0028057455582461846,0.01025884154487899,-0.007453095986632806
Luminal-like Amorphous DCIS Cells,fraction,pairwise,,,,,,,55809.0,0.017974366625885113,0.030336483756768125,ok,pairwise,S3,S4,486.0,217.0,0.024539189825199124,0.01710073073487836,0.007438459090320763
Plasma Cells,n_cells,pairwise,,,,,,,97574.5,0.02236516901598126,0.03758851935459035,ok,pairwise,S3,S4,562.0,330.0,0.39679715302491103,1.5454545454545454,-1.1486573924296344
Plasma Cells,fraction,pairwise,,,,,,,76609.5,0.024185313405950346,0.040477511976485935,ok,pairwise,S2,S3,334.0,486.0,0.00631163977121101,0.0042188987531279355,0.0020927410180830745
Plasma Cells,fraction,pairwise,,,,,,,5223.5,0.02484679978778981,0.04141133297964968,ok,pairwise,S3,S5,486.0,26.0,0.0042188987531279355,0.0021670679448517406,0.002051830808276195
11q13 Invasive Tumor Cells,fraction,pairwise,,,,,,,87488.0,0.025201834476349244,0.04182877091510248,ok,pairwise,S2,S3,334.0,486.0,0.09496794525809271,0.05510775860141752,0.03986018665667519
Luminal-like Amorphous DCIS Cells,fraction,pairwise,,,,,,,7752.0,0.029549955936895796,0.04884290237503437,ok,pairwise,S1,S4,76.0,217.0,0.0,0.01710073073487836,-0.01710073073487836
Mast Cells,n_cells,pairwise,,,,,,,17313.0,0.0314768515856051,0.05181374746601663,ok,pairwise,S1,S4,100.0,330.0,0.11,0.4090909090909091,-0.29909090909090913
11q13 Invasive Tumor Cells (Mitotic),fraction,pairwise,,,,,,,38096.0,0.032281820658451955,0.05277243026491022,ok,pairwise,S2,S4,334.0,217.0,0.009610477008780982,0.00967139013976802,-6.091313098703817e-05
T Lymphocytes,n_cells,pairwise,,,,,,,24659.0,0.03232311353725751,0.05277243026491022,ok,pairwise,S1,S2,100.0,555.0,1.32,8.583783783783783,-7.263783783783783
CXCL14+ Fibroblasts,n_cells,pairwise,,,,,,,24565.0,0.03350574462761662,0.05448088557336036,ok,pairwise,S1,S3,100.0,562.0,5.84,5.2562277580071175,0.5837722419928824
Basal-like Structured DCIS Cells,fraction,pairwise,,,,,,,5321.5,0.03418809519842075,0.055365336353717806,ok,pairwise,S2,S5,334.0,26.0,0.165110733363356,0.013348297155907175,0.1517624362074488
"CAFs, Invasive Associated",fraction,pairwise,,,,,,,7611.5,0.035059856551778616,0.056548155728675185,ok,pairwise,S3,S5,486.0,26.0,0.03676928832627263,0.0005449648682535209,0.03622432345801911
Myeloid Cells,n_cells,pairwise,,,,,,,8028.5,0.041604944398675126,0.06683525204606447,ok,pairwise,S2,S5,555.0,31.0,0.11891891891891893,0.0967741935483871,0.02214472537053183
Mast Cells,fraction,pairwise,,,,,,,16716.0,0.04243250008336533,0.06788414510918764,ok,pairwise,S1,S3,76.0,486.0,4.8491669826384585e-05,0.011081144485825865,-0.01103265281599948
T Lymphocytes,n_cells,pairwise,,,,,,,10158.0,0.04259730105601524,0.06788414510918764,ok,pairwise,S2,S5,555.0,31.0,8.583783783783783,0.5806451612903226,8.003138622493461
Mast Cells,n_cells,pairwise,,,,,,,25915.5,0.042773521758999,0.06789447898253809,ok,pairwise,S1,S3,100.0,562.0,0.11,0.35231316725978645,-0.24231316725978647
CXCL14+ Fibroblasts,n_cells,pairwise,,,,,,,10491.5,0.04336243284317656,0.06855720607616847,ok,pairwise,S3,S5,562.0,31.0,5.2562277580071175,2.7419354838709675,2.51429227413615
Luminal-like Amorphous DCIS Cells,n_cells,pairwise,,,,,,,15850.0,0.0442936862312466,0.06975383658464031,ok,pairwise,S1,S4,100.0,330.0,0.0,18.43030303030303,-18.43030303030303
T Lymphocytes,n_cells,pairwise,,,,,,,146667.5,0.04530308550802441,0.07106366354199907,ok,pairwise,S2,S3,555.0,562.0,8.583783783783783,3.6868327402135233,4.89695104357026
Dendritic Cells,fraction,pairwise,,,,,,,10972.5,0.04599550786394035,0.0718679810374068,ok,pairwise,S1,S2,76.0,334.0,0.019404950766931814,0.13649365356177207,-0.11708870279484025
Myoepithelial Cells,n_cells,pairwise,,,,,,,1204.0,0.05005932067410657,0.07791333957059388,ok,pairwise,S1,S5,100.0,31.0,8.07,10.387096774193548,-2.3170967741935478
Macrophages,fraction,pairwise,,,,,,,1193.0,0.05115230646719845,0.07930590149953248,ok,pairwise,S1,S5,76.0,26.0,0.0010981730173872054,0.00027863255932682673,0.0008195404580603787
B Cells,fraction,pairwise,,,,,,,5180.0,0.051374978017558824,0.07934359539391325,ok,pairwise,S2,S5,334.0,26.0,0.0930850548243062,0.0008516122252698575,0.09223344259903633
"CAFs, DCIS Associated",n_cells,pairwise,,,,,,,1263.5,0.05317528521371847,0.08180813109802842,ok,pairwise,S1,S5,100.0,31.0,2.2,4.612903225806452,-2.412903225806452
Myeloid Cells,fraction,pairwise,,,,,,,7389.0,0.05541676688452777,0.08492991093414218,ok,pairwise,S3,S5,486.0,26.0,0.02714590043972934,0.00030073348702041675,0.026845166952708922
11q13 Invasive Tumor Cells,fraction,pairwise,,,,,,,5185.5,0.05617858946112439,0.08576883887194564,ok,pairwise,S2,S5,334.0,26.0,0.09496794525809271,0.006145292192446329,0.08882265306564638
11q13 Invasive Tumor Cells (Mitotic),n_cells,pairwise,,,,,,,94151.5,0.06572849344013411,0.0999672904032458,ok,pairwise,S2,S4,555.0,330.0,0.1873873873873874,0.19090909090909092,-0.0035217035217035286
11q13 Invasive Tumor Cells,fraction,pairwise,,,,,,,2458.0,0.0685651590303163,0.10388660459138835,ok,pairwise,S4,S5,217.0,26.0,0.034200988442476356,0.006145292192446329,0.028055696250030026
"CAFs, DCIS Associated",n_cells,pairwise,,,,,,,29872.5,0.07550642279699614,0.1139719589388621,ok,pairwise,S1,S2,100.0,555.0,2.2,1.581981981981982,0.6180180180180181
Myeloid Cells,n_cells,pairwise,,,,,,,9886.5,0.07813195171241051,0.11749165671039175,ok,pairwise,S3,S5,562.0,31.0,1.0551601423487544,0.0967741935483871,0.9583859488003673
B Cells,fraction,pairwise,,,,,,,7380.0,0.08120206915018006,0.12165103992536339,ok,pairwise,S3,S5,486.0,26.0,0.01535216275267714,0.0008516122252698575,0.014500550527407282
Dendritic Cells,fraction,pairwise,,,,,,,5151.0,0.08406459603500109,0.12546954632089713,ok,pairwise,S2,S5,334.0,26.0,0.13649365356177207,0.010402233421219346,0.12609142014055272
Unassigned,n_cells,pairwise,,,,,,,155122.5,0.08511689452684146,0.12656787290236646,ok,pairwise,S2,S3,555.0,562.0,0.0,0.0071174377224199285,-0.0071174377224199285
T Lymphocytes,fraction,pairwise,,,,,,,3286.0,0.08627294842016299,0.1275057790997965,ok,pairwise,S4,S5,217.0,26.0,0.03584737968671101,0.0007862106076166354,0.03506116907909438
Myeloid Cells,n_cells,pairwise,,,,,,,89505.0,0.08642047126818553,0.1275057790997965,ok,pairwise,S2,S4,555.0,330.0,0.11891891891891893,0.296969696969697,-0.17805077805077807
"CAFs, Invasive Associated",n_cells,pairwise,,,,,,,9975.5,0.08670392978786161,0.1275057790997965,ok,pairwise,S3,S5,562.0,31.0,3.5498220640569396,0.5161290322580645,3.033693031798875
Mast Cells,fraction,pairwise,,,,,,,8694.0,0.09073151375318755,0.1329399468911173,ok,pairwise,S1,S4,76.0,217.0,4.8491669826384585e-05,0.0012762223587486896,-0.001227730688922305
B Cells,n_cells,pairwise,,,,,,,25813.0,0.09460345396754771,0.13810723206941272,ok,pairwise,S1,S3,100.0,562.0,0.9,1.3647686832740213,-0.4647686832740213
Mast Cells,n_cells,pairwise,,,,,,,28811.0,0.09793766494809363,0.14245478537904527,ok,pairwise,S1,S2,100.0,555.0,0.11,0.09009009009009009,0.019909909909909915
"CAFs, DCIS Associated",n_cells,pairwise,,,,,,,10165.5,0.10259195968963893,0.14868399955020134,ok,pairwise,S3,S5,562.0,31.0,11.99644128113879,4.612903225806452,7.3835380553323375
11q13 Invasive Tumor Cells (G1/S),fraction,pairwise,,,,,,,78227.0,0.11141110117904372,0.16088245657623643,ok,pairwise,S2,S3,334.0,486.0,0.00637871783862441,0.00608082404262676,0.0002978937959976502
Macrophages,n_cells,pairwise,,,,,,,1765.0,0.11424870433364633,0.16438662494049833,ok,pairwise,S1,S5,100.0,31.0,1.86,0.3225806451612903,1.5374193548387098
B Cells,n_cells,pairwise,,,,,,,17533.5,0.117643588206426,0.16866464258985805,ok,pairwise,S1,S4,100.0,330.0,0.9,1.606060606060606,-0.7060606060606059
"CAFs, Invasive Associated",fraction,pairwise,,,,,,,76906.0,0.11809676192789674,0.16870965989699535,ok,pairwise,S2,S3,334.0,486.0,0.04841487587439291,0.03676928832627263,0.011645587548120277
T Lymphocytes,fraction,pairwise,,,,,,,7448.0,0.12037004547285508,0.1713452604595802,ok,pairwise,S1,S4,76.0,217.0,0.0007831287842900265,0.03584737968671101,-0.03506425090242098
Mast Cells,fraction,pairwise,,,,,,,7064.0,0.12626249140330587,0.17909573248695868,ok,pairwise,S3,S5,486.0,26.0,0.011081144485825865,8.273460127361622e-05,0.010998409884552248
Myeloid Cells,fraction,pairwise,,,,,,,35106.0,0.13151226185115836,0.1858830556200118,ok,pairwise,S2,S4,334.0,217.0,0.0014616749856544069,0.003586206579790226,-0.0021245315941358194
Macrophages,fraction,pairwise,,,,,,,13688.0,0.14378678487846808,0.20251659842037756,ok,pairwise,S1,S2,76.0,334.0,0.0010981730173872054,0.016830996221619193,-0.015732823204231985
Dendritic Cells,n_cells,pairwise,,,,,,,7548.0,0.1459098194107699,0.2047857114537121,ok,pairwise,S2,S5,555.0,31.0,3.5153153153153154,1.8064516129032258,1.7088637024120896
Macrophages,fraction,pairwise,,,,,,,8925.0,0.149015028799334,0.20841262769137625,ok,pairwise,S1,S4,76.0,217.0,0.0010981730173872054,0.011780049556769374,-0.010681876539382169
11q13 Invasive Tumor Cells (G1/S),fraction,pairwise,,,,,,,6925.5,0.15057672400841046,0.20965007807114713,ok,pairwise,S3,S5,486.0,26.0,0.00608082404262676,7.586102260658475e-05,0.006004963020020175
Unassigned,fraction,pairwise,,,,,,,80661.0,0.15094805621122595,0.20965007807114713,ok,pairwise,S2,S3,334.0,486.0,0.0,1.0906258324225692e-05,-1.0906258324225692e-05
11q13 Invasive Tumor Cells (G1/S),n_cells,pairwise,,,,,,,9426.5,0.15279238534178857,0.2114773499540326,ok,pairwise,S3,S5,562.0,31.0,0.49110320284697506,0.03225806451612903,0.45884513833084606
Plasma Cells,n_cells,pairwise,,,,,,,89230.0,0.16150230442670443,0.22276179920924752,ok,pairwise,S2,S4,555.0,330.0,0.24324324324324326,1.5454545454545454,-1.3022113022113022
Mast Cells,n_cells,pairwise,,,,,,,9512.5,0.1666186065270172,0.22902901240827106,ok,pairwise,S3,S5,562.0,31.0,0.35231316725978645,0.0967741935483871,0.25553897371139933
Myeloid Cells,fraction,pairwise,,,,,,,4068.0,0.16726429583322788,0.22912917237428476,ok,pairwise,S2,S5,334.0,26.0,0.0014616749856544069,0.00030073348702041675,0.0011609414986339902
"CAFs, Invasive Associated",fraction,pairwise,,,,,,,4886.5,0.16821575966343627,0.2296460882777287,ok,pairwise,S2,S5,334.0,26.0,0.04841487587439291,0.0005449648682535209,0.04786991100613939
11q13 Invasive Tumor Cells,fraction,pairwise,,,,,,,7152.0,0.17177307840471545,0.23370486857784414,ok,pairwise,S3,S5,486.0,26.0,0.05510775860141752,0.006145292192446329,0.04896246640897119
Basal-like Structured DCIS Cells,n_cells,pairwise,,,,,,,161492.5,0.17591180215482916,0.23852447749807343,ok,pairwise,S2,S3,555.0,562.0,3.78018018018018,2.122775800711744,1.6574043794684363
Myeloid Cells,fraction,pairwise,,,,,,,1112.0,0.17955739861804776,0.24264513326763212,ok,pairwise,S1,S5,76.0,26.0,0.001612357113284619,0.00030073348702041675,0.0013116236262642022
Basal-like Structured DCIS Cells,fraction,pairwise,,,,,,,13860.0,0.18204019867284826,0.2451719847445768,ok,pairwise,S1,S2,76.0,334.0,0.05266485905856183,0.165110733363356,-0.11244587430479416
11q13 Invasive Tumor Cells (Mitotic),fraction,pairwise,,,,,,,78666.5,0.1877605828827974,0.2520276280306005,ok,pairwise,S2,S3,334.0,486.0,0.009610477008780982,0.0057254896289977986,0.0038849873797831835
Myeloid Cells,fraction,pairwise,,,,,,,17146.5,0.1897392459164935,0.2538317671123659,ok,pairwise,S1,S3,76.0,486.0,0.001612357113284619,0.02714590043972934,-0.02553354332644472
Unassigned,n_cells,pairwise,,,,,,,91297.5,0.19548839802105933,0.2606511973614124,ok,pairwise,S2,S4,555.0,330.0,0.0,0.00909090909090909,-0.00909090909090909
Dendritic Cells,n_cells,pairwise,,,,,,,150377.5,0.19640937634999356,0.261009138006636,ok,pairwise,S2,S3,555.0,562.0,3.5153153153153154,1.9270462633451957,1.5882690519701197
Plasma Cells,n_cells,pairwise,,,,,,,28719.5,0.2091223420532904,0.2769832345076694,ok,pairwise,S1,S2,100.0,555.0,0.21,0.24324324324324326,-0.033243243243243265
Myeloid Cells,n_cells,pairwise,,,,,,,1697.0,0.21401698856879836,0.2825306779786117,ok,pairwise,S1,S5,100.0,31.0,1.46,0.0967741935483871,1.363225806451613
Unassigned,fraction,pairwise,,,,,,,36072.0,0.2161172903068047,0.2843648556668483,ok,pairwise,S2,S4,334.0,217.0,0.0,5.615306577021417e-06,-5.615306577021417e-06
B Cells,n_cells,pairwise,,,,,,,9597.5,0.22518850969410587,0.2945428138336674,ok,pairwise,S3,S5,562.0,31.0,1.3647686832740213,0.2903225806451613,1.07444610262886
Plasma Cells,fraction,pairwise,,,,,,,34990.0,0.2253252525827556,0.2945428138336674,ok,pairwise,S2,S4,334.0,217.0,0.00631163977121101,0.011404802265630995,-0.005093162494419985
Plasma Cells,fraction,pairwise,,,,,,,17479.0,0.2395243763575574,0.31208387799030285,ok,pairwise,S1,S3,76.0,486.0,0.00021791292515208947,0.0042188987531279355,-0.004000985827975846
Plasma Cells,n_cells,pairwise,,,,,,,26902.0,0.25373411813565905,0.32952482874760913,ok,pairwise,S1,S3,100.0,562.0,0.21,0.39679715302491103,-0.18679715302491104
"CAFs, DCIS Associated",fraction,pairwise,,,,,,,11868.5,0.27875802274779804,0.36085180938226286,ok,pairwise,S1,S2,76.0,334.0,0.0028057455582461846,0.054623582887277276,-0.05181783732903109
Myoepithelial Cells,fraction,pairwise,,,,,,,50603.5,0.28438129407405355,0.3669436052568433,ok,pairwise,S3,S4,486.0,217.0,0.022329015980367697,0.13444226100331713,-0.11211324502294943
Mast Cells,fraction,pairwise,,,,,,,37041.0,0.2858056466871145,0.367595687057382,ok,pairwise,S2,S4,334.0,217.0,0.0011012374656548807,0.0012762223587486896,-0.00017498489309380897
11q13 Invasive Tumor Cells,n_cells,pairwise,,,,,,,9466.5,0.3032695414229136,0.3888071043883508,ok,pairwise,S3,S5,562.0,31.0,7.140569395017794,0.5161290322580645,6.62444036275973
Dendritic Cells,n_cells,pairwise,,,,,,,7939.0,0.310890283206675,0.39730387630246006,ok,pairwise,S3,S5,562.0,31.0,1.9270462633451957,1.8064516129032258,0.12059465044196993
Myeloid Cells,n_cells,pairwise,,,,,,,4892.5,0.31335485877776936,0.39917816404811385,ok,pairwise,S4,S5,330.0,31.0,0.296969696969697,0.0967741935483871,0.2001955034213099
Mast Cells,n_cells,pairwise,,,,,,,4941.0,0.3145542619750967,0.3994339834604403,ok,pairwise,S4,S5,330.0,31.0,0.4090909090909091,0.0967741935483871,0.31231671554252205
11q13 Invasive Tumor Cells (G1/S),fraction,pairwise,,,,,,,4591.5,0.3236851262766469,0.4097280079451227,ok,pairwise,S2,S5,334.0,26.0,0.00637871783862441,7.586102260658475e-05,0.006302856816017825
"CAFs, Invasive Associated",n_cells,pairwise,,,,,,,4823.5,0.3361597862052602,0.4241763863788772,ok,pairwise,S4,S5,330.0,31.0,0.2727272727272727,0.5161290322580645,-0.2434017595307918
B Cells,n_cells,pairwise,,,,,,,4798.5,0.33885890902456794,0.4261912958358775,ok,pairwise,S4,S5,330.0,31.0,1.606060606060606,0.2903225806451613,1.3157380254154447
Luminal-like Amorphous DCIS Cells,fraction,pairwise,,,,,,,12540.0,0.33988755842911234,0.4261912958358775,ok,pairwise,S1,S2,76.0,334.0,0.0,0.0008991335917114372,-0.0008991335917114372
11q13 Invasive Tumor Cells (G1/S),n_cells,pairwise,,,,,,,5012.5,0.3643852014089721,0.45548150176121516,ok,pairwise,S4,S5,330.0,31.0,0.015151515151515152,0.03225806451612903,-0.01710654936461388
Macrophages,fraction,pairwise,,,,,,,4662.0,0.36555078031914123,0.45551499105188936,ok,pairwise,S2,S5,334.0,26.0,0.016830996221619193,0.00027863255932682673,0.016552363662292367
Mast Cells,fraction,pairwise,,,,,,,13062.0,0.3872980932970854,0.4811156438473111,ok,pairwise,S1,S2,76.0,334.0,4.8491669826384585e-05,0.0011012374656548807,-0.001052745795828496
Basal-like Structured DCIS Cells,n_cells,pairwise,,,,,,,8120.0,0.39291231297120643,0.48657871575381606,ok,pairwise,S3,S5,562.0,31.0,2.122775800711744,1.6451612903225807,0.47761451038916314
Luminal-like Amorphous DCIS Cells,n_cells,pairwise,,,,,,,27550.0,0.3960065935462014,0.4887476393583756,ok,pairwise,S1,S2,100.0,555.0,0.0,0.02882882882882883,-0.02882882882882883
Dendritic Cells,n_cells,pairwise,,,,,,,1690.0,0.3971074569786802,0.4887476393583756,ok,pairwise,S1,S5,100.0,31.0,5.63,1.8064516129032258,3.823548387096774
Macrophages,fraction,pairwise,,,,,,,3017.0,0.3984085798465644,0.48884488324731823,ok,pairwise,S4,S5,217.0,26.0,0.011780049556769374,0.00027863255932682673,0.011501416997442547
Mast Cells,n_cells,pairwise,,,,,,,92582.5,0.4041096559973659,0.49432373822307757,ok,pairwise,S2,S4,555.0,330.0,0.09009009009009009,0.4090909090909091,-0.319000819000819
Pericytes,fraction,pairwise,,,,,,,37161.0,0.41010790176426437,0.5001315875173956,ok,pairwise,S2,S4,334.0,217.0,0.013549200843770563,0.008123250664564196,0.005425950179206367
CXCL14+ Fibroblasts,n_cells,pairwise,,,,,,,90007.5,0.4163724936758514,0.5062279558369014,ok,pairwise,S2,S4,555.0,330.0,0.409009009009009,4.554545454545455,-4.145536445536446
T Lymphocytes,n_cells,pairwise,,,,,,,1650.0,0.44572091011947856,0.5402677698417921,ok,pairwise,S1,S5,100.0,31.0,1.32,0.5806451612903226,0.7393548387096774
Unassigned,n_cells,pairwise,,,,,,,27950.0,0.4658251387726864,0.5629306812962978,ok,pairwise,S1,S3,100.0,562.0,0.0,0.0071174377224199285,-0.0071174377224199285
"CAFs, DCIS Associated",fraction,pairwise,,,,,,,4037.0,0.4690261642275607,0.5650917641295912,ok,pairwise,S2,S5,334.0,26.0,0.054623582887277276,0.01025884154487899,0.04436474134239829
"CAFs, DCIS Associated",n_cells,pairwise,,,,,,,5487.0,0.47209722611562843,0.567083755093848,ok,pairwise,S4,S5,330.0,31.0,53.415151515151514,4.612903225806452,48.80224828934506
Dendritic Cells,fraction,pairwise,,,,,,,19291.0,0.47489314615036915,0.5687343067669092,ok,pairwise,S1,S3,76.0,486.0,0.019404950766931814,0.028599733164416018,-0.009194782397484204
Unassigned,fraction,pairwise,,,,,,,18354.0,0.49451414082113654,0.5904646457565809,ok,pairwise,S1,S3,76.0,486.0,0.0,1.0906258324225692e-05,-1.0906258324225692e-05
Myeloid Cells,n_cells,pairwise,,,,,,,27239.5,0.4970946275604453,0.5917793185243396,ok,pairwise,S1,S3,100.0,562.0,1.46,1.0551601423487544,0.4048398576512455
T Lymphocytes,n_cells,pairwise,,,,,,,17014.5,0.5008332738914704,0.5944608592183624,ok,pairwise,S1,S4,100.0,330.0,1.32,3.6606060606060606,-2.340606060606061
T Lymphocytes,fraction,pairwise,,,,,,,1056.0,0.5042996550609107,0.5968043255158706,ok,pairwise,S1,S5,76.0,26.0,0.0007831287842900265,0.0007862106076166354,-3.0818233266088685e-06
11q13 Invasive Tumor Cells (G1/S),fraction,pairwise,,,,,,,2765.5,0.5090232714552371,0.6006174294457075,ok,pairwise,S4,S5,217.0,26.0,0.0012604156352588138,7.586102260658475e-05,0.001184554612652229
Plasma Cells,fraction,pairwise,,,,,,,53759.0,0.5135573855845161,0.6041851595111954,ok,pairwise,S3,S4,486.0,217.0,0.0042188987531279355,0.011404802265630995,-0.0071859035125030595
Mast Cells,n_cells,pairwise,,,,,,,8404.0,0.5376070909079788,0.6306241535577464,ok,pairwise,S2,S5,555.0,31.0,0.09009009009009009,0.0967741935483871,-0.006684103458297008
Apocrine Cells,fraction,pairwise,,,,,,,81544.5,0.5465333216886198,0.6384211468536165,ok,pairwise,S2,S3,334.0,486.0,0.0013949648058547977,0.00044784775728671844,0.0009471170485680792
Mast Cells,fraction,pairwise,,,,,,,2744.0,0.5474461334269761,0.6384211468536165,ok,pairwise,S4,S5,217.0,26.0,0.0012762223587486896,8.273460127361622e-05,0.0011934877574750734
CXCL14+ Fibroblasts,fraction,pairwise,,,,,,,35542.0,0.553448054637365,0.6435442495783313,ok,pairwise,S2,S4,334.0,217.0,0.014592941775796212,0.016067856343946297,-0.001474914568150085
Unassigned,fraction,pairwise,,,,,,,8208.0,0.5592096786970577,0.6474424963132979,ok,pairwise,S1,S4,76.0,217.0,0.0,5.615306577021417e-06,-5.615306577021417e-06
11q13 Invasive Tumor Cells (G1/S),n_cells,pairwise,,,,,,,8813.5,0.5600377593110026,0.6474424963132979,ok,pairwise,S2,S5,555.0,31.0,0.13693693693693693,0.03225806451612903,0.1046788724208079
Unassigned,n_cells,pairwise,,,,,,,16450.0,0.5857692925352638,0.6752383775622638,ok,pairwise,S1,S4,100.0,330.0,0.0,0.00909090909090909,-0.00909090909090909
Plasma Cells,fraction,pairwise,,,,,,,8046.0,0.5989750510102481,0.6884770701267219,ok,pairwise,S1,S4,76.0,217.0,0.00021791292515208947,0.011404802265630995,-0.011186889340478906
Endothelial Cells,fraction,pairwise,,,,,,,36845.0,0.6047595398317134,0.693134143073597,ok,pairwise,S2,S4,334.0,217.0,0.010604231108778976,0.011147970430393443,-0.0005437393216144674
Myeloid Cells,fraction,pairwise,,,,,,,2739.0,0.6136505996916751,0.7013149710762001,ok,pairwise,S4,S5,217.0,26.0,0.003586206579790226,0.00030073348702041675,0.0032854730927698093
Unassigned,n_cells,pairwise,,,,,,,92942.5,0.6219364226828423,0.7087594560488232,ok,pairwise,S3,S4,562.0,330.0,0.0071174377224199285,0.00909090909090909,-0.001973471368489162
Pericytes,n_cells,pairwise,,,,,,,92440.0,0.6364145994727349,0.7231984084917443,ok,pairwise,S2,S4,555.0,330.0,0.6288288288288288,5.115151515151515,-4.486322686322686
T Lymphocytes,n_cells,pairwise,,,,,,,5294.0,0.641272888496228,0.7266548311571989,ok,pairwise,S4,S5,330.0,31.0,3.6606060606060606,0.5806451612903226,3.079960899315738
CXCL14+ Fibroblasts,n_cells,pairwise,,,,,,,1624.5,0.6463036590399455,0.7302866203841192,ok,pairwise,S1,S5,100.0,31.0,5.84,2.7419354838709675,3.0980645161290323
Dendritic Cells,fraction,pairwise,,,,,,,1044.5,0.649602104075314,0.7319460327609173,ok,pairwise,S1,S5,76.0,26.0,0.019404950766931814,0.010402233421219346,0.009002717345712468
Apocrine Cells,fraction,pairwise,,,,,,,52543.0,0.6815834138002637,0.7658240604497345,ok,pairwise,S3,S4,486.0,217.0,0.00044784775728671844,0.000458175190995404,-1.0327433708685581e-05
Unassigned,n_cells,pairwise,,,,,,,8757.5,0.6868753410908695,0.7696082253118984,ok,pairwise,S3,S5,562.0,31.0,0.0071174377224199285,0.0,0.0071174377224199285
Unassigned,fraction,pairwise,,,,,,,6357.0,0.691917007592399,0.7711177608750713,ok,pairwise,S3,S5,486.0,26.0,1.0906258324225692e-05,0.0,1.0906258324225692e-05
Basal-like Structured DCIS Cells,n_cells,pairwise,,,,,,,8319.5,0.6920781903853765,0.7711177608750713,ok,pairwise,S2,S5,555.0,31.0,3.78018018018018,1.6451612903225807,2.1350188898575997
B Cells,n_cells,pairwise,,,,,,,27319.0,0.7248905088771945,0.8054338987524384,ok,pairwise,S1,S2,100.0,555.0,0.9,2.145945945945946,-1.2459459459459459
Macrophages,n_cells,pairwise,,,,,,,90854.5,0.730484865843944,0.8094015134004919,ok,pairwise,S2,S4,555.0,330.0,0.9063063063063063,2.8666666666666667,-1.9603603603603603
Basal-like Structured DCIS Cells,fraction,pairwise,,,,,,,6122.5,0.7354246409486117,0.8123758584689015,ok,pairwise,S3,S5,486.0,26.0,0.018741602133558626,0.013348297155907175,0.005393304977651451
B Cells,n_cells,pairwise,,,,,,,8819.5,0.7384144733473691,0.8123758584689015,ok,pairwise,S2,S5,555.0,31.0,2.145945945945946,0.2903225806451613,1.8556233653007845
Unassigned,fraction,pairwise,,,,,,,2834.0,0.7392620312067004,0.8123758584689015,ok,pairwise,S4,S5,217.0,26.0,5.615306577021417e-06,0.0,5.615306577021417e-06
Mast Cells,fraction,pairwise,,,,,,,1010.0,0.7490077091283307,0.8208303661680336,ok,pairwise,S1,S5,76.0,26.0,4.8491669826384585e-05,8.273460127361622e-05,-3.4242931447231636e-05
Unassigned,n_cells,pairwise,,,,,,,5130.5,0.7667655013866472,0.8379950834826746,ok,pairwise,S4,S5,330.0,31.0,0.00909090909090909,0.0,0.00909090909090909
Plasma Cells,n_cells,pairwise,,,,,,,16659.5,0.7718664977077692,0.8412713871474322,ok,pairwise,S1,S4,100.0,330.0,0.21,1.5454545454545454,-1.3354545454545454
Mast Cells,n_cells,pairwise,,,,,,,1573.0,0.7912273435728394,0.8600297212748255,ok,pairwise,S1,S5,100.0,31.0,0.11,0.0967741935483871,0.013225806451612906
Plasma Cells,fraction,pairwise,,,,,,,12823.0,0.7983921958290316,0.8654657949366197,ok,pairwise,S1,S2,76.0,334.0,0.00021791292515208947,0.00631163977121101,-0.006093726846058921
Unassigned,fraction,pairwise,,,,,,,52813.0,0.8014278413116036,0.8664084770936255,ok,pairwise,S3,S4,486.0,217.0,1.0906258324225692e-05,5.615306577021417e-06,5.290951747204275e-06
Macrophages,fraction,pairwise,,,,,,,36524.5,0.8218071874503844,0.8860454851217082,ok,pairwise,S2,S4,334.0,217.0,0.016830996221619193,0.011780049556769374,0.005050946664849818
Pericytes,n_cells,pairwise,,,,,,,1583.0,0.8363153242281867,0.8992637894926738,ok,pairwise,S1,S5,100.0,31.0,7.68,2.032258064516129,5.647741935483871
11q13 Invasive Tumor Cells,n_cells,pairwise,,,,,,,8733.5,0.8457389682077432,0.9069586790431563,ok,pairwise,S2,S5,555.0,31.0,3.081081081081081,0.5161290322580645,2.5649520488230166
CXCL14+ Fibroblasts,fraction,pairwise,,,,,,,1011.5,0.8496139814864205,0.9086780550656903,ok,pairwise,S1,S5,76.0,26.0,0.005692842126951685,0.004547159380153441,0.0011456827467982442
B Cells,fraction,pairwise,,,,,,,2857.0,0.881116212188239,0.9385901803241848,ok,pairwise,S4,S5,217.0,26.0,0.014650502015040999,0.0008516122252698575,0.01379888978977114
Macrophages,n_cells,pairwise,,,,,,,8525.5,0.8822747695047337,0.9385901803241848,ok,pairwise,S2,S5,555.0,31.0,0.9063063063063063,0.3225806451612903,0.5837256611450159
B Cells,fraction,pairwise,,,,,,,8182.0,0.8880476854166127,0.942225660919483,ok,pairwise,S1,S4,76.0,217.0,0.0006549757654305975,0.014650502015040999,-0.013995526249610401
B Cells,n_cells,pairwise,,,,,,,1567.5,0.8914307697339919,0.9425007275223489,ok,pairwise,S1,S5,100.0,31.0,0.9,0.2903225806451613,0.6096774193548387
Pericytes,fraction,pairwise,,,,,,,1004.5,0.8930194393274257,0.9425007275223489,ok,pairwise,S1,S5,76.0,26.0,0.004538521727193776,0.004209248211766553,0.0003292735154272232
Endothelial Cells,fraction,pairwise,,,,,,,972.0,0.8957815800235933,0.9429279789722035,ok,pairwise,S1,S5,76.0,26.0,0.003822386355861836,0.00617363739703606,-0.002351251041174224
Dendritic Cells,fraction,pairwise,,,,,,,6244.0,0.9074209326847522,0.9526728952070889,ok,pairwise,S3,S5,486.0,26.0,0.028599733164416018,0.010402233421219346,0.01819749974319667
Apocrine Cells,fraction,pairwise,,,,,,,36281.0,0.9126493918215965,0.9539119231729283,ok,pairwise,S2,S4,334.0,217.0,0.0013949648058547977,0.000458175190995404,0.0009367896148593936
Endothelial Cells,n_cells,pairwise,,,,,,,1567.5,0.9133706664380788,0.9539119231729283,ok,pairwise,S1,S5,100.0,31.0,7.13,2.161290322580645,4.968709677419355
Apocrine Cells,fraction,pairwise,,,,,,,996.0,0.9208261345534513,0.959193890159845,ok,pairwise,S1,S5,76.0,26.0,0.0006780542314998804,0.02413996720969152,-0.02346191297819164
Endothelial Cells,n_cells,pairwise,,,,,,,91703.0,0.9470206507548076,0.9839175592257742,ok,pairwise,S2,S4,555.0,330.0,0.9477477477477477,5.7727272727272725,-4.824979524979525
"CAFs, Invasive Associated",n_cells,pairwise,,,,,,,8635.0,0.9564440119575208,0.99113369114769,ok,pairwise,S2,S5,555.0,31.0,1.5657657657657658,0.5161290322580645,1.0496367335077013
Mast Cells,fraction,pairwise,,,,,,,4330.0,0.9592807318224891,0.9915046323746657,ok,pairwise,S2,S5,334.0,26.0,0.0011012374656548807,8.273460127361622e-05,0.0010185028643812644
"CAFs, Invasive Associated",fraction,pairwise,,,,,,,2811.0,0.9653546248842251,0.994476207109948,ok,pairwise,S4,S5,217.0,26.0,0.03845669990930821,0.0005449648682535209,0.03791173504105469
Apocrine Cells,n_cells,pairwise,,,,,,,92704.5,0.9671281114144245,0.994476207109948,ok,pairwise,S3,S4,562.0,330.0,0.010676156583629894,1.1545454545454545,-1.1438692979618246
Apocrine Cells,n_cells,pairwise,,,,,,,1553.0,0.9791684873862475,1.0,ok,pairwise,S1,S5,100.0,31.0,0.13,0.6451612903225806,-0.5151612903225806
Apocrine Cells,n_cells,pairwise,,,,,,,155975.5,0.9818572771069447,1.0,ok,pairwise,S2,S3,555.0,562.0,0.0990990990990991,0.010676156583629894,0.0884229425154692
Apocrine Cells,n_cells,pairwise,,,,,,,91561.0,0.9821334864797494,1.0,ok,pairwise,S2,S4,555.0,330.0,0.0990990990990991,1.1545454545454545,-1.0554463554463553
Macrophages,n_cells,pairwise,,,,,,,5110.0,0.9888401524893301,1.0,ok,pairwise,S4,S5,330.0,31.0,2.8666666666666667,0.3225806451612903,2.544086021505376
B Cells,fraction,pairwise,,,,,,,989.0,0.9958801330872764,1.0,ok,pairwise,S1,S5,76.0,26.0,0.0006549757654305975,0.0008516122252698575,-0.00019663645983926002
Unassigned,fraction,pairwise,,,,,,,12692.0,1.0,1.0,ok,pairwise,S1,S2,76.0,334.0,0.0,0.0,0.0
Unassigned,fraction,pairwise,,,,,,,988.0,1.0,1.0,ok,pairwise,S1,S5,76.0,26.0,0.0,0.0,0.0
Unassigned,fraction,pairwise,,,,,,,4342.0,1.0,1.0,ok,pairwise,S2,S5,334.0,26.0,0.0,0.0,0.0
Unassigned,n_cells,pairwise,,,,,,,27750.0,1.0,1.0,ok,pairwise,S1,S2,100.0,555.0,0.0,0.0,0.0
Unassigned,n_cells,pairwise,,,,,,,1550.0,1.0,1.0,ok,pairwise,S1,S5,100.0,31.0,0.0,0.0,0.0
Unassigned,n_cells,pairwise,,,,,,,8602.5,1.0,1.0,ok,pairwise,S2,S5,555.0,31.0,0.0,0.0,0.0
