program,feature_kind,feature_name,effect_size,p_value,matched_control_delta,fdr
emt_invasive_front,marker_pair,spp1_cd44__outer_minus_inner,1.0990138246053045,0.19670560245894686,1.0990138246053045,0.9284504436062292
emt_invasive_front,marker_pair,cxcl12_cxcr4__outer_minus_inner,0.9337359837562956,1.0,0.9337359837562956,1.0
emt_invasive_front,marker_pair,tgfb1_tgfbr2__outer_minus_inner,0.5222321064404721,1.0,0.5222321064404721,1.0
emt_invasive_front,gene,VIM,0.24142346158451686,0.5049850750938458,0.24142346158451686,1.0
emt_invasive_front,marker_pair,vegfa_kdr__outer_minus_inner,0.16235299600051153,0.5049850750938458,0.16235299600051153,1.0
emt_invasive_front,gene,CD3E,0.1338776664037444,0.5049850750938458,0.1338776664037444,1.0
emt_invasive_front,gene,CXCR4,0.1338776664037444,0.5049850750938458,0.1338776664037444,1.0
emt_invasive_front,gene,LDHA,0.11857508950235257,0.5049850750938458,0.11857508950235257,1.0
emt_invasive_front,gene,COL4A1,0.11654266314284988,0.5049850750938458,0.11654266314284988,1.0
emt_invasive_front,gene,CD3D,0.10014864952732615,0.5049850750938458,0.10014864952732615,1.0
emt_invasive_front,gene,TRAC,0.10014864952732615,0.5049850750938458,0.10014864952732615,1.0
emt_invasive_front,gene,PRF1,0.10014864952732615,0.5049850750938458,0.10014864952732615,1.0
emt_invasive_front,gene,HILPDA,0.10014864952732615,0.5049850750938458,0.10014864952732615,1.0
emt_invasive_front,gene,CXCR5,0.10014864952732615,0.5049850750938458,0.10014864952732615,1.0
emt_invasive_front,pathway,hypoxia_necrosis,0.027585741998622595,0.5049850750938458,0.027585741998622595,1.0
emt_invasive_front,pathway,immune_activation,0.02332289627112856,0.5049850750938458,0.02332289627112856,1.0
emt_invasive_front,pathway,tls_activation,0.013538369469704777,0.5049850750938458,0.013538369469704777,1.0
emt_invasive_front,gene,CXCL12,0.007860951629645618,1.0,0.007860951629645582,1.0
emt_invasive_front,pathway,vascular_stromal,0.0058966434959849085,0.5049850750938458,0.0058966434959849085,1.0
emt_invasive_front,gene,GZMB,0.0,1.0,0.0,1.0
emt_invasive_front,gene,CXCL13,0.0,1.0,0.0,1.0
emt_invasive_front,gene,MS4A1,0.0,1.0,0.0,1.0
emt_invasive_front,gene,CD68,0.0,1.0,0.0,1.0
emt_invasive_front,gene,CD163,0.0,1.0,0.0,1.0
emt_invasive_front,gene,LST1,0.0,1.0,0.0,1.0
emt_invasive_front,gene,TYROBP,0.0,1.0,0.0,1.0
emt_invasive_front,gene,SPP1,0.0,1.0,0.0,1.0
emt_invasive_front,gene,HLA-DRA,0.0,1.0,0.0,1.0
emt_invasive_front,gene,PECAM1,0.0,1.0,0.0,1.0
emt_invasive_front,gene,EMCN,0.0,1.0,0.0,1.0
emt_invasive_front,gene,RGS5,0.0,1.0,0.0,1.0
emt_invasive_front,gene,ACTA2,0.0,1.0,0.0,1.0
emt_invasive_front,gene,COL4A2,0.0,1.0,0.0,1.0
emt_invasive_front,gene,VEGFA,0.0,1.0,0.0,1.0
emt_invasive_front,gene,COL1A1,0.0,1.0,0.0,1.0
emt_invasive_front,gene,FN1,0.0,1.0,0.0,1.0
emt_invasive_front,gene,MMP11,0.0,1.0,0.0,1.0
emt_invasive_front,gene,COL3A1,0.0,1.0,0.0,1.0
emt_invasive_front,gene,FAP,0.0,1.0,0.0,1.0
emt_invasive_front,gene,CD79A,0.0,1.0,0.0,1.0
emt_invasive_front,gene,JCHAIN,0.0,1.0,0.0,1.0
emt_invasive_front,gene,CA9,0.0,1.0,0.0,1.0
emt_invasive_front,gene,ENO1,0.0,1.0,0.0,1.0
emt_invasive_front,gene,SLC2A1,0.0,1.0,0.0,1.0
emt_invasive_front,gene,CD44,0.0,1.0,0.0,1.0
emt_invasive_front,gene,TGFB1,0.0,1.0,0.0,1.0
emt_invasive_front,gene,KDR,0.0,1.0,0.0,1.0
emt_invasive_front,pathway,myeloid_activation,0.0,1.0,0.0,1.0
emt_invasive_front,marker_pair,spp1_cd44__cross_zone,0.0,1.0,0.0,1.0
emt_invasive_front,marker_pair,cxcl13_cxcr5__cross_zone,0.0,1.0,0.0,1.0
emt_invasive_front,marker_pair,cxcl13_cxcr5__outer_minus_inner,0.0,1.0,0.0,1.0
emt_invasive_front,marker_pair,cxcl12_cxcr4__cross_zone,0.0,1.0,0.0,1.0
emt_invasive_front,marker_pair,tgfb1_tgfbr2__cross_zone,0.0,1.0,0.0,1.0
emt_invasive_front,marker_pair,vegfa_kdr__cross_zone,0.0,1.0,0.0,1.0
emt_invasive_front,pathway,emt_invasion,-0.04543194711924794,1.0,-0.04543194711924794,1.0
emt_invasive_front,pathway,stromal_matrix,-0.0646493006413704,1.0,-0.0646493006413704,1.0
emt_invasive_front,gene,TGFBR2,-0.4806935688068485,1.0,-0.4806935688068485,1.0
emt_invasive_front,gene,COL1A2,-0.5260933260139791,1.0,-0.5260933260139791,1.0
emt_invasive_front,gene,TAGLN,-0.8507075986346003,0.5049850750938458,-0.8507075986346003,1.0
immune_exclusion,marker_pair,spp1_cd44__outer_minus_inner,0.4633902757419944,0.12118327283746319,0.4633902757419944,0.9284504436062292
immune_exclusion,pathway,immune_activation,-0.013225431888588617,0.19670560245894686,-0.013225431888588617,0.9284504436062292
immune_exclusion,pathway,myeloid_activation,-0.022910065835772975,0.19670560245894686,-0.022910065835772975,0.9284504436062292
immune_exclusion,marker_pair,cxcl13_cxcr5__cross_zone,-0.029649389217939203,0.19670560245894686,-0.029649389217939203,0.9284504436062292
immune_exclusion,pathway,stromal_matrix,-0.03474030184425784,0.19670560245894686,-0.03474030184425784,0.9284504436062292
immune_exclusion,pathway,emt_invasion,-0.04334708806314641,0.19670560245894686,-0.04334708806314641,0.9284504436062292
immune_exclusion,marker_pair,cxcl12_cxcr4__cross_zone,-0.05060077931405884,0.19670560245894686,-0.05060077931405884,0.9284504436062292
immune_exclusion,marker_pair,spp1_cd44__cross_zone,-0.09315478526601699,0.19670560245894686,-0.09315478526601699,0.9284504436062292
immune_exclusion,pathway,vascular_stromal,-0.1122835616048119,0.06360256962075367,-0.1122835616048119,0.9284504436062292
immune_exclusion,gene,CA9,-0.1473278274219784,0.19670560245894686,-0.1473278274219784,0.9284504436062292
immune_exclusion,pathway,hypoxia_necrosis,-0.1517594867582772,0.06360256962075367,-0.1517594867582772,0.9284504436062292
immune_exclusion,gene,PECAM1,-0.162023521581822,0.19670560245894686,-0.162023521581822,0.9284504436062292
immune_exclusion,gene,GZMB,-0.18581171297290763,0.19670560245894686,-0.18581171297290763,0.9284504436062292
immune_exclusion,gene,CD163,-0.18780357873676845,0.19670560245894686,-0.18780357873676845,0.9284504436062292
immune_exclusion,marker_pair,vegfa_kdr__cross_zone,-0.1973082222623732,0.19670560245894686,-0.1973082222623732,0.9284504436062292
immune_exclusion,gene,EMCN,-0.20717023678437974,0.19670560245894686,-0.20717023678437974,0.9284504436062292
immune_exclusion,gene,TAGLN,-0.2616598173345866,0.19670560245894686,-0.2616598173345866,0.9284504436062292
immune_exclusion,gene,KDR,-0.2669994815619557,0.19670560245894686,-0.2669994815619557,0.9284504436062292
immune_exclusion,gene,VIM,-0.27333749233776133,0.19670560245894686,-0.27333749233776133,0.9284504436062292
immune_exclusion,gene,VEGFA,-0.6012363402817525,0.19670560245894686,-0.6012363402817525,0.9284504436062292
immune_exclusion,gene,LDHA,-0.8095481417402962,0.19670560245894686,-0.8095481417402962,0.9284504436062292
immune_exclusion,gene,COL4A1,-0.823416004675694,0.19670560245894686,-0.823416004675694,0.9284504436062292
immune_exclusion,marker_pair,cxcl12_cxcr4__outer_minus_inner,1.487692313990227,0.26828588367711736,1.487692313990227,1.0
immune_exclusion,marker_pair,tgfb1_tgfbr2__outer_minus_inner,1.0770605954327714,0.5065551690490403,1.0770605954327717,1.0
immune_exclusion,marker_pair,vegfa_kdr__outer_minus_inner,1.0760765782031094,0.26828588367711736,1.0760765782031092,1.0
immune_exclusion,gene,CXCL12,0.29136077236044633,0.6579050194284821,0.2913607723604461,1.0
immune_exclusion,marker_pair,cxcl13_cxcr5__outer_minus_inner,0.22867369255730813,0.26828588367711736,0.2286736925573081,1.0
immune_exclusion,gene,CD3D,0.0,1.0,0.0,1.0
immune_exclusion,gene,MS4A1,0.0,1.0,0.0,1.0
immune_exclusion,gene,LST1,0.0,1.0,0.0,1.0
immune_exclusion,gene,HLA-DRA,0.0,1.0,0.0,1.0
immune_exclusion,gene,RGS5,0.0,1.0,0.0,1.0
immune_exclusion,gene,JCHAIN,0.0,1.0,0.0,1.0
immune_exclusion,pathway,tls_activation,-0.0035191789683974594,0.5049850750938458,-0.0035191789683974594,1.0
immune_exclusion,gene,CXCL13,-0.005430603375329446,0.5049850750938458,-0.005430603375329446,1.0
immune_exclusion,gene,TYROBP,-0.005640726376699886,0.5049850750938458,-0.005640726376699886,1.0
immune_exclusion,gene,PRF1,-0.007375666644130644,0.5049850750938458,-0.007375666644130644,1.0
immune_exclusion,gene,ENO1,-0.01061353403355955,0.5049850750938458,-0.01061353403355955,1.0
immune_exclusion,gene,CXCR4,-0.01255308943626412,0.5049850750938458,-0.01255308943626412,1.0
immune_exclusion,gene,CD68,-0.013030016192401165,0.5049850750938458,-0.013030016192401165,1.0
immune_exclusion,gene,CD79A,-0.014267949210921895,0.5049850750938458,-0.014267949210921895,1.0
immune_exclusion,gene,CD3E,-0.015301688804038462,0.5049850750938458,-0.015301688804038462,1.0
immune_exclusion,gene,FAP,-0.021598492685192736,0.5049850750938458,-0.021598492685192736,1.0
immune_exclusion,marker_pair,tgfb1_tgfbr2__cross_zone,-0.02169934574700241,0.5049850750938458,-0.02169934574700241,1.0
immune_exclusion,gene,COL1A1,-0.02254988143345307,0.5049850750938458,-0.02254988143345307,1.0
immune_exclusion,gene,TGFB1,-0.030555121475569342,0.5049850750938458,-0.030555121475569342,1.0
immune_exclusion,gene,TRAC,-0.0323669523356881,0.5049850750938458,-0.0323669523356881,1.0
immune_exclusion,gene,MMP11,-0.04114757600479453,0.5049850750938458,-0.04114757600479453,1.0
immune_exclusion,gene,COL1A2,-0.042317766391693136,0.5049850750938458,-0.042317766391693136,1.0
immune_exclusion,gene,COL3A1,-0.0806563234936112,0.5049850750938458,-0.0806563234936112,1.0
immune_exclusion,gene,HILPDA,-0.08615823244239366,0.5049850750938458,-0.08615823244239366,1.0
immune_exclusion,gene,COL4A2,-0.11428989262222984,0.5049850750938458,-0.11428989262222984,1.0
immune_exclusion,gene,FN1,-0.13119978753502237,0.5049850750938458,-0.13119978753502237,1.0
immune_exclusion,gene,SPP1,-0.13638426846291912,0.5049850750938458,-0.13638426846291912,1.0
immune_exclusion,gene,CXCR5,-0.13638426846291912,0.5049850750938458,-0.13638426846291912,1.0
immune_exclusion,gene,SLC2A1,-0.1496333788829188,0.5049850750938458,-0.1496333788829188,1.0
immune_exclusion,gene,TGFBR2,-0.18515954521135458,0.6428348264908044,-0.18515954521135466,1.0
immune_exclusion,gene,CD44,-0.23354101810721173,0.5049850750938458,-0.23354101810721173,1.0
immune_exclusion,gene,ACTA2,-0.31106299505625934,0.5049850750938458,-0.31106299505625934,1.0
myeloid_vascular_belt,gene,TAGLN,0.5272464307652047,0.19670560245894686,0.5272464307652047,0.9284504436062292
myeloid_vascular_belt,gene,SLC2A1,0.22176596646001281,0.19670560245894686,0.22176596646001281,0.9284504436062292
myeloid_vascular_belt,gene,VEGFA,0.18567525569370266,0.19670560245894686,0.18567525569370266,0.9284504436062292
myeloid_vascular_belt,gene,PECAM1,0.16589885603424243,0.19670560245894686,0.16589885603424243,0.9284504436062292
myeloid_vascular_belt,marker_pair,vegfa_kdr__cross_zone,0.16013847937650633,0.19670560245894686,0.16013847937650633,0.9284504436062292
myeloid_vascular_belt,marker_pair,tgfb1_tgfbr2__cross_zone,0.13917808318732847,0.19670560245894686,0.13917808318732847,0.9284504436062292
myeloid_vascular_belt,gene,HILPDA,0.13349711829877994,0.19670560245894686,0.13349711829877994,0.9284504436062292
myeloid_vascular_belt,gene,KDR,0.1233404723605519,0.19670560245894686,0.1233404723605519,0.9284504436062292
myeloid_vascular_belt,gene,RGS5,0.0817460362319042,0.19670560245894686,0.0817460362319042,0.9284504436062292
myeloid_vascular_belt,gene,ACTA2,0.07378731720177432,0.19670560245894686,0.07378731720177432,0.9284504436062292
myeloid_vascular_belt,gene,SPP1,0.06025177519402534,0.19670560245894686,0.06025177519402534,0.9284504436062292
myeloid_vascular_belt,gene,PRF1,0.06009394153483766,0.19670560245894686,0.06009394153483766,0.9284504436062292
myeloid_vascular_belt,gene,CXCR5,0.05730516380846878,0.19670560245894686,0.05730516380846878,0.9284504436062292
myeloid_vascular_belt,gene,EMCN,0.052380636878268744,0.19670560245894686,0.052380636878268744,0.9284504436062292
myeloid_vascular_belt,gene,TYROBP,0.03381772673739227,0.19670560245894686,0.03381772673739227,0.9284504436062292
myeloid_vascular_belt,gene,CD79A,0.03373520104827602,0.19670560245894686,0.03373520104827602,0.9284504436062292
myeloid_vascular_belt,gene,HLA-DRA,0.032922718982403266,0.19670560245894686,0.032922718982403266,0.9284504436062292
myeloid_vascular_belt,marker_pair,cxcl13_cxcr5__cross_zone,0.018091926781764,0.19670560245894686,0.018091926781764,0.9284504436062292
myeloid_vascular_belt,marker_pair,tgfb1_tgfbr2__outer_minus_inner,1.1803752498293771,0.7,1.1803752498293771,1.0
myeloid_vascular_belt,marker_pair,spp1_cd44__outer_minus_inner,0.6680054977870185,1.0,0.6680054977870183,1.0
myeloid_vascular_belt,marker_pair,cxcl13_cxcr5__outer_minus_inner,0.2423168670017984,0.6428348264908044,0.2423168670017984,1.0
myeloid_vascular_belt,gene,COL4A2,0.19227858480335633,0.6428348264908044,0.19227858480335636,1.0
myeloid_vascular_belt,gene,COL4A1,0.14140334130108298,0.6428348264908044,0.14140334130108298,1.0
myeloid_vascular_belt,marker_pair,spp1_cd44__cross_zone,0.12105533203418503,0.3536785173184648,0.12105533203418506,1.0
myeloid_vascular_belt,gene,CD44,0.11737454548816662,1.0,0.11737454548816663,1.0
myeloid_vascular_belt,pathway,vascular_stromal,0.045191220924910305,0.3536785173184648,0.04519122092491031,1.0
myeloid_vascular_belt,pathway,hypoxia_necrosis,0.038276184983303055,0.6428348264908044,0.03827618498330306,1.0
myeloid_vascular_belt,gene,ENO1,0.0334254368266697,0.5049850750938458,0.0334254368266697,1.0
myeloid_vascular_belt,gene,TGFB1,0.01606612021770027,0.5049850750938458,0.01606612021770027,1.0
myeloid_vascular_belt,gene,CD3D,0.011934804752699814,0.5049850750938458,0.011934804752699814,1.0
myeloid_vascular_belt,gene,MS4A1,0.010179608118512623,0.5049850750938458,0.010179608118512623,1.0
myeloid_vascular_belt,gene,CA9,0.008006566858280545,0.5049850750938458,0.008006566858280545,1.0
myeloid_vascular_belt,gene,GZMB,0.0064886683001353996,0.5049850750938458,0.0064886683001353996,1.0
myeloid_vascular_belt,pathway,myeloid_activation,0.005278521607412448,1.0,0.005278521607412445,1.0
myeloid_vascular_belt,gene,MMP11,0.0051337820565650295,0.5049850750938458,0.0051337820565650295,1.0
myeloid_vascular_belt,gene,JCHAIN,0.004718860406213763,0.5049850750938458,0.004718860406213763,1.0
myeloid_vascular_belt,gene,LST1,0.0027235483819742817,0.5049850750938458,0.0027235483819742817,1.0
myeloid_vascular_belt,pathway,emt_invasion,0.000821091045084682,1.0,0.000821091045084682,1.0
myeloid_vascular_belt,gene,FN1,0.00019628646121164217,1.0,0.00019628646121165141,1.0
myeloid_vascular_belt,pathway,stromal_matrix,-0.01426759203809043,1.0,-0.014267592038090434,1.0
myeloid_vascular_belt,pathway,tls_activation,-0.016499765045669912,1.0,-0.016499765045669912,1.0
myeloid_vascular_belt,gene,CD68,-0.02054875722630424,1.0,-0.020548757226304226,1.0
myeloid_vascular_belt,gene,CD163,-0.03017175787185286,1.0,-0.03017175787185285,1.0
myeloid_vascular_belt,pathway,immune_activation,-0.033124735839597935,1.0,-0.033124735839597935,1.0
myeloid_vascular_belt,marker_pair,vegfa_kdr__outer_minus_inner,-0.08770186089218197,0.6428348264908044,-0.08770186089218197,1.0
myeloid_vascular_belt,gene,LDHA,-0.0932082257101718,1.0,-0.0932082257101718,1.0
myeloid_vascular_belt,gene,COL1A1,-0.09447455242299238,1.0,-0.0944745524229924,1.0
myeloid_vascular_belt,gene,CXCL13,-0.127777978804793,1.0,-0.127777978804793,1.0
myeloid_vascular_belt,gene,TRAC,-0.17690101274969575,1.0,-0.17690101274969575,1.0
myeloid_vascular_belt,gene,TGFBR2,-0.18345182542108746,1.0,-0.18345182542108748,1.0
myeloid_vascular_belt,gene,VIM,-0.2008944980110196,1.0,-0.2008944980110197,1.0
myeloid_vascular_belt,gene,CXCR4,-0.22051179308466548,1.0,-0.22051179308466548,1.0
myeloid_vascular_belt,marker_pair,cxcl12_cxcr4__cross_zone,-0.23507568778299534,1.0,-0.23507568778299537,1.0
myeloid_vascular_belt,gene,FAP,-0.240918377446641,1.0,-0.24091837744664094,1.0
myeloid_vascular_belt,gene,COL3A1,-0.2790148479677403,1.0,-0.2790148479677403,1.0
myeloid_vascular_belt,gene,COL1A2,-0.2904751025358616,1.0,-0.2904751025358617,1.0
myeloid_vascular_belt,gene,CD3E,-0.40087345288209364,1.0,-0.4008734528820936,1.0
myeloid_vascular_belt,gene,CXCL12,-0.4481123951256971,1.0,-0.4481123951256971,1.0
myeloid_vascular_belt,marker_pair,cxcl12_cxcr4__outer_minus_inner,-1.4561330067235079,0.5065551690490403,-1.4561330067235077,1.0
necrotic_hypoxic_rim,gene,CD3E,0.9060928928699994,0.06360256962075367,0.9060928928699994,0.9284504436062292
necrotic_hypoxic_rim,gene,CXCR5,-0.144012334159373,0.19670560245894686,-0.144012334159373,0.9284504436062292
necrotic_hypoxic_rim,gene,ACTA2,-0.17896711662837875,0.19670560245894686,-0.17896711662837875,0.9284504436062292
necrotic_hypoxic_rim,gene,COL1A2,0.54168743154026,0.4,0.54168743154026,1.0
necrotic_hypoxic_rim,gene,RGS5,0.4386032823136911,0.5049850750938458,0.4386032823136911,1.0
necrotic_hypoxic_rim,gene,TGFB1,0.39154933149270027,0.6428348264908044,0.39154933149270027,1.0
necrotic_hypoxic_rim,marker_pair,cxcl12_cxcr4__cross_zone,0.388821107981434,0.6428348264908044,0.38882110798143393,1.0
necrotic_hypoxic_rim,gene,COL3A1,0.2796675534404952,1.0,0.279667553440495,1.0
necrotic_hypoxic_rim,gene,CXCR4,0.26208466050825274,0.6428348264908044,0.26208466050825274,1.0
necrotic_hypoxic_rim,gene,TRAC,0.22227214910693951,0.3536785173184648,0.22227214910693951,1.0
necrotic_hypoxic_rim,gene,TGFBR2,0.09608885709951298,1.0,0.096088857099513,1.0
necrotic_hypoxic_rim,pathway,immune_activation,0.06142609919738369,0.4,0.0614260991973837,1.0
necrotic_hypoxic_rim,marker_pair,spp1_cd44__cross_zone,0.05487571118447241,0.6428348264908044,0.05487571118447241,1.0
necrotic_hypoxic_rim,gene,CD163,0.05383860840647545,0.8247780950825133,0.05383860840647545,1.0
necrotic_hypoxic_rim,gene,KDR,0.038416935167920906,1.0,0.038416935167920906,1.0
necrotic_hypoxic_rim,gene,CXCL13,0.032071361866222725,1.0,0.03207136186622272,1.0
necrotic_hypoxic_rim,marker_pair,vegfa_kdr__cross_zone,0.03062193602318638,1.0,0.030621936023186375,1.0
necrotic_hypoxic_rim,gene,HILPDA,0.016612878593149624,1.0,0.01661287859314962,1.0
necrotic_hypoxic_rim,pathway,tls_activation,0.016434541616723496,1.0,0.016434541616723492,1.0
necrotic_hypoxic_rim,gene,CD79A,0.014267949210921895,0.5049850750938458,0.014267949210921895,1.0
necrotic_hypoxic_rim,gene,SLC2A1,0.01339242201993271,1.0,0.0133924220199327,1.0
necrotic_hypoxic_rim,gene,GZMB,0.011132986379567424,0.5049850750938458,0.011132986379567424,1.0
necrotic_hypoxic_rim,gene,CA9,0.010943558959059253,0.5049850750938458,0.010943558959059253,1.0
necrotic_hypoxic_rim,gene,COL1A1,0.006337171555919868,1.0,0.006337171555919873,1.0
necrotic_hypoxic_rim,gene,TYROBP,0.005640726376699886,0.5049850750938458,0.005640726376699886,1.0
necrotic_hypoxic_rim,gene,MMP11,0.002379998827901207,1.0,0.002379998827901205,1.0
necrotic_hypoxic_rim,gene,ENO1,0.0009888238233992045,1.0,0.0009888238233992039,1.0
necrotic_hypoxic_rim,gene,LST1,0.0,1.0,0.0,1.0
necrotic_hypoxic_rim,gene,JCHAIN,0.0,1.0,0.0,1.0
necrotic_hypoxic_rim,gene,VIM,-0.000511896510762555,1.0,-0.0005118965107626291,1.0
necrotic_hypoxic_rim,gene,PRF1,-0.002214439113833561,1.0,-0.0022144391138335605,1.0
necrotic_hypoxic_rim,gene,EMCN,-0.003412495895732833,1.0,-0.0034124958957328345,1.0
necrotic_hypoxic_rim,marker_pair,cxcl13_cxcr5__cross_zone,-0.004115422935272794,1.0,-0.004115422935272794,1.0
necrotic_hypoxic_rim,gene,MS4A1,-0.007749800051572583,0.5049850750938458,-0.007749800051572583,1.0
necrotic_hypoxic_rim,gene,PECAM1,-0.010248389002291969,1.0,-0.010248389002291969,1.0
necrotic_hypoxic_rim,pathway,myeloid_activation,-0.010724074096136075,0.8247780950825133,-0.010724074096136077,1.0
necrotic_hypoxic_rim,pathway,stromal_matrix,-0.017358142233893925,1.0,-0.01735814223389393,1.0
necrotic_hypoxic_rim,gene,CD3D,-0.017716109673341165,0.5049850750938458,-0.017716109673341165,1.0
necrotic_hypoxic_rim,pathway,hypoxia_necrosis,-0.02019402627603114,0.8247780950825133,-0.020194026276031132,1.0
necrotic_hypoxic_rim,gene,SPP1,-0.027480893042835384,0.5049850750938458,-0.027480893042835384,1.0
necrotic_hypoxic_rim,pathway,emt_invasion,-0.03602130920651854,1.0,-0.03602130920651853,1.0
necrotic_hypoxic_rim,pathway,vascular_stromal,-0.050667546818449906,0.7,-0.05066754681844989,1.0
necrotic_hypoxic_rim,gene,HLA-DRA,-0.05108298237804359,0.5049850750938458,-0.05108298237804359,1.0
necrotic_hypoxic_rim,gene,CD44,-0.06462271518335838,0.8247780950825133,-0.06462271518335845,1.0
necrotic_hypoxic_rim,gene,FAP,-0.06886154834940866,0.8247780950825133,-0.06886154834940865,1.0
necrotic_hypoxic_rim,marker_pair,vegfa_kdr__outer_minus_inner,-0.08557685014158423,1.0,-0.08557685014158421,1.0
necrotic_hypoxic_rim,gene,CXCL12,-0.10061568922677422,0.8247780950825133,-0.10061568922677422,1.0
necrotic_hypoxic_rim,marker_pair,tgfb1_tgfbr2__cross_zone,-0.106512220678177,1.0,-0.10651222067817702,1.0
necrotic_hypoxic_rim,gene,CD68,-0.14140565382677495,0.8247780950825133,-0.14140565382677497,1.0
necrotic_hypoxic_rim,gene,VEGFA,-0.14841426762292534,0.6428348264908044,-0.14841426762292534,1.0
necrotic_hypoxic_rim,gene,LDHA,-0.2020534755818685,1.0,-0.20205347558186845,1.0
necrotic_hypoxic_rim,marker_pair,cxcl13_cxcr5__outer_minus_inner,-0.23541667217286796,1.0,-0.23541667217286796,1.0
necrotic_hypoxic_rim,marker_pair,spp1_cd44__outer_minus_inner,-0.3004541431495616,0.4,-0.3004541431495616,1.0
necrotic_hypoxic_rim,gene,FN1,-0.32159396596421624,0.5065551690490403,-0.32159396596421624,1.0
necrotic_hypoxic_rim,gene,COL4A1,-0.5370426073638684,0.8247780950825133,-0.5370426073638684,1.0
necrotic_hypoxic_rim,gene,COL4A2,-0.5619238401222255,1.0,-0.5619238401222256,1.0
necrotic_hypoxic_rim,gene,TAGLN,-0.9495303872671678,0.3536785173184648,-0.9495303872671675,1.0
necrotic_hypoxic_rim,marker_pair,cxcl12_cxcr4__outer_minus_inner,-1.151647326507606,0.5065551690490403,-1.1516473265076062,1.0
necrotic_hypoxic_rim,marker_pair,tgfb1_tgfbr2__outer_minus_inner,-1.1593302151143356,0.4,-1.1593302151143354,1.0
stromal_encapsulation,gene,CXCL12,2.0579604613271054,0.19670560245894686,2.0579604613271054,0.9284504436062292
stromal_encapsulation,gene,COL4A1,0.7449194083456834,0.19670560245894686,0.7449194083456834,0.9284504436062292
stromal_encapsulation,gene,VIM,0.6803195649504197,0.19670560245894686,0.6803195649504197,0.9284504436062292
stromal_encapsulation,marker_pair,vegfa_kdr__outer_minus_inner,0.46312927223769956,0.19670560245894686,0.46312927223769956,0.9284504436062292
stromal_encapsulation,gene,LDHA,0.4487266097842451,0.19670560245894686,0.4487266097842451,0.9284504436062292
stromal_encapsulation,gene,CXCR5,0.23237768274254614,0.19670560245894686,0.23237768274254614,0.9284504436062292
stromal_encapsulation,pathway,vascular_stromal,0.0895482934540233,0.19670560245894686,0.0895482934540233,0.9284504436062292
stromal_encapsulation,pathway,hypoxia_necrosis,0.06922491065655006,0.19670560245894686,0.06922491065655006,0.9284504436062292
stromal_encapsulation,pathway,immune_activation,0.029611073329144515,0.19670560245894686,0.029611073329144515,0.9284504436062292
stromal_encapsulation,pathway,tls_activation,0.021453297923639814,0.19670560245894686,0.021453297923639814,0.9284504436062292
stromal_encapsulation,marker_pair,tgfb1_tgfbr2__outer_minus_inner,1.0837736471894037,0.6579050194284821,1.083773647189404,1.0
stromal_encapsulation,gene,COL4A2,0.760476274417877,0.5049850750938458,0.760476274417877,1.0
stromal_encapsulation,gene,TAGLN,0.6333980058956571,0.5049850750938458,0.6333980058956571,1.0
stromal_encapsulation,marker_pair,spp1_cd44__outer_minus_inner,0.6145158817300626,0.6579050194284821,0.6145158817300623,1.0
stromal_encapsulation,marker_pair,cxcl12_cxcr4__outer_minus_inner,0.5877866857830926,1.0,0.5877866857830926,1.0
stromal_encapsulation,gene,FN1,0.30801239124820584,0.5049850750938458,0.30801239124820584,1.0
stromal_encapsulation,gene,CD68,0.24932871756654193,0.5049850750938458,0.24932871756654193,1.0
stromal_encapsulation,gene,TGFBR2,0.21402858314002804,1.0,0.214028583140028,1.0
stromal_encapsulation,gene,CD163,0.1728371908513043,0.5049850750938458,0.1728371908513043,1.0
stromal_encapsulation,gene,CD3E,0.1338776664037444,0.5049850750938458,0.1338776664037444,1.0
stromal_encapsulation,gene,CXCR4,0.1338776664037444,0.5049850750938458,0.1338776664037444,1.0
stromal_encapsulation,gene,ACTA2,0.13222903321522,0.5049850750938458,0.13222903321522,1.0
stromal_encapsulation,gene,VEGFA,0.13222903321522,0.5049850750938458,0.13222903321522,1.0
stromal_encapsulation,gene,COL1A1,0.13222903321522,0.5049850750938458,0.13222903321522,1.0
stromal_encapsulation,gene,CXCL13,0.11709968435132188,0.5049850750938458,0.11709968435132188,1.0
stromal_encapsulation,gene,CD3D,0.10014864952732615,0.5049850750938458,0.10014864952732615,1.0
stromal_encapsulation,gene,TRAC,0.10014864952732615,0.5049850750938458,0.10014864952732615,1.0
stromal_encapsulation,gene,PRF1,0.10014864952732615,0.5049850750938458,0.10014864952732615,1.0
stromal_encapsulation,gene,HILPDA,0.10014864952732615,0.5049850750938458,0.10014864952732615,1.0
stromal_encapsulation,pathway,emt_invasion,0.06119741499317746,0.6428348264908044,0.06119741499317747,1.0
stromal_encapsulation,pathway,myeloid_activation,0.028209439821805554,0.5049850750938458,0.028209439821805554,1.0
stromal_encapsulation,pathway,stromal_matrix,0.001615404431417028,1.0,0.0016154044314170269,1.0
stromal_encapsulation,gene,GZMB,0.0,1.0,0.0,1.0
stromal_encapsulation,gene,MS4A1,0.0,1.0,0.0,1.0
stromal_encapsulation,gene,LST1,0.0,1.0,0.0,1.0
stromal_encapsulation,gene,TYROBP,0.0,1.0,0.0,1.0
stromal_encapsulation,gene,SPP1,0.0,1.0,0.0,1.0
stromal_encapsulation,gene,HLA-DRA,0.0,1.0,0.0,1.0
stromal_encapsulation,gene,PECAM1,0.0,1.0,0.0,1.0
stromal_encapsulation,gene,EMCN,0.0,1.0,0.0,1.0
stromal_encapsulation,gene,RGS5,0.0,1.0,0.0,1.0
stromal_encapsulation,gene,MMP11,0.0,1.0,0.0,1.0
stromal_encapsulation,gene,CD79A,0.0,1.0,0.0,1.0
stromal_encapsulation,gene,JCHAIN,0.0,1.0,0.0,1.0
stromal_encapsulation,gene,CA9,0.0,1.0,0.0,1.0
stromal_encapsulation,gene,ENO1,0.0,1.0,0.0,1.0
stromal_encapsulation,gene,SLC2A1,0.0,1.0,0.0,1.0
stromal_encapsulation,gene,TGFB1,0.0,1.0,0.0,1.0
stromal_encapsulation,gene,KDR,0.0,1.0,0.0,1.0
stromal_encapsulation,marker_pair,spp1_cd44__cross_zone,0.0,1.0,0.0,1.0
stromal_encapsulation,marker_pair,cxcl13_cxcr5__cross_zone,0.0,1.0,0.0,1.0
stromal_encapsulation,marker_pair,cxcl13_cxcr5__outer_minus_inner,0.0,1.0,0.0,1.0
stromal_encapsulation,marker_pair,cxcl12_cxcr4__cross_zone,0.0,1.0,0.0,1.0
stromal_encapsulation,marker_pair,tgfb1_tgfbr2__cross_zone,0.0,1.0,0.0,1.0
stromal_encapsulation,marker_pair,vegfa_kdr__cross_zone,0.0,1.0,0.0,1.0
stromal_encapsulation,gene,COL3A1,-0.10390248079824782,1.0,-0.10390248079824782,1.0
stromal_encapsulation,gene,CD44,-0.3419669173603589,1.0,-0.34196691736035895,1.0
stromal_encapsulation,gene,COL1A2,-0.35682003558665837,1.0,-0.35682003558665837,1.0
stromal_encapsulation,gene,FAP,-0.4027311680917985,1.0,-0.4027311680917986,1.0
tls_adjacent_activation,gene,VEGFA,0.5775383972317372,0.19670560245894686,0.5775383972317372,0.9284504436062292
tls_adjacent_activation,gene,KDR,0.3672048561658488,0.06360256962075367,0.3672048561658488,0.9284504436062292
tls_adjacent_activation,gene,TAGLN,0.35135053299524754,0.06360256962075367,0.35135053299524754,0.9284504436062292
tls_adjacent_activation,gene,ACTA2,0.3215650360475731,0.19670560245894686,0.3215650360475731,0.9284504436062292
tls_adjacent_activation,gene,CXCR4,0.25582029140011164,0.19670560245894686,0.25582029140011164,0.9284504436062292
tls_adjacent_activation,gene,EMCN,0.2431498178268196,0.1840386271964254,0.24314981782681963,0.9284504436062292
tls_adjacent_activation,gene,GZMB,0.2174104485061991,0.06360256962075367,0.21741044850619914,0.9284504436062292
tls_adjacent_activation,gene,CXCR5,0.20820377092988354,0.06360256962075367,0.2082037709298835,0.9284504436062292
tls_adjacent_activation,gene,CD163,0.20552842173064376,0.06360256962075367,0.20552842173064376,0.9284504436062292
tls_adjacent_activation,gene,COL1A1,0.1632147485084951,0.19670560245894686,0.1632147485084951,0.9284504436062292
tls_adjacent_activation,marker_pair,vegfa_kdr__cross_zone,0.1519011026930899,0.19670560245894686,0.1519011026930899,0.9284504436062292
tls_adjacent_activation,gene,CA9,0.14217442449132722,0.19670560245894686,0.14217442449132722,0.9284504436062292
tls_adjacent_activation,gene,HLA-DRA,0.1148570282648133,0.19670560245894686,0.1148570282648133,0.9284504436062292
tls_adjacent_activation,gene,PRF1,0.08421842024095956,0.19670560245894686,0.08421842024095956,0.9284504436062292
tls_adjacent_activation,gene,CXCL13,0.077239398999138,0.19670560245894686,0.077239398999138,0.9284504436062292
tls_adjacent_activation,gene,LDHA,0.058746596121617235,0.19670560245894686,0.058746596121617235,0.9284504436062292
tls_adjacent_activation,pathway,hypoxia_necrosis,0.05079319164143932,0.07652250047505924,0.05079319164143933,0.9284504436062292
tls_adjacent_activation,pathway,emt_invasion,0.04730813634275477,0.1840386271964254,0.04730813634275477,0.9284504436062292
tls_adjacent_activation,marker_pair,cxcl13_cxcr5__cross_zone,0.038318328097444516,0.19670560245894686,0.038318328097444516,0.9284504436062292
tls_adjacent_activation,pathway,myeloid_activation,0.03000277527241709,0.1840386271964254,0.030002775272417088,0.9284504436062292
tls_adjacent_activation,marker_pair,vegfa_kdr__outer_minus_inner,-0.9526602605637613,0.07652250047505924,-0.9526602605637612,0.9284504436062292
tls_adjacent_activation,gene,VIM,0.3721628559018635,0.37582508748869836,0.3721628559018635,1.0
tls_adjacent_activation,marker_pair,spp1_cd44__outer_minus_inner,0.30648461544530636,1.0,0.3064846154453063,1.0
tls_adjacent_activation,gene,COL3A1,0.28205653728639846,0.6428348264908044,0.28205653728639846,1.0
tls_adjacent_activation,marker_pair,cxcl12_cxcr4__cross_zone,0.210750796828501,0.37582508748869836,0.21075079682850098,1.0
tls_adjacent_activation,gene,PECAM1,0.18437798078242118,0.37582508748869836,0.18437798078242115,1.0
tls_adjacent_activation,gene,TGFB1,0.17614675424269,0.6428348264908044,0.17614675424269,1.0
tls_adjacent_activation,gene,TRAC,0.16010101677073946,0.6428348264908044,0.16010101677073943,1.0
tls_adjacent_activation,marker_pair,spp1_cd44__cross_zone,0.15691572566417267,0.37582508748869836,0.15691572566417264,1.0
tls_adjacent_activation,gene,JCHAIN,0.14579055811715724,0.6428348264908044,0.14579055811715724,1.0
tls_adjacent_activation,gene,SPP1,0.13979348761102633,0.37582508748869836,0.1397934876110263,1.0
tls_adjacent_activation,marker_pair,tgfb1_tgfbr2__cross_zone,0.13702558356542321,0.6428348264908044,0.13702558356542316,1.0
tls_adjacent_activation,gene,SLC2A1,0.10941980048184215,0.3536785173184648,0.10941980048184215,1.0
tls_adjacent_activation,gene,HILPDA,0.0762240608112432,0.6428348264908044,0.0762240608112432,1.0
tls_adjacent_activation,pathway,vascular_stromal,0.05978978989814608,0.37582508748869836,0.059789789898146074,1.0
tls_adjacent_activation,pathway,stromal_matrix,0.039462510730103983,0.37582508748869836,0.03946251073010398,1.0
tls_adjacent_activation,gene,TGFBR2,0.03379778579520332,1.0,0.03379778579520331,1.0
tls_adjacent_activation,pathway,immune_activation,0.029368399599969064,0.37582508748869836,0.029368399599969053,1.0
tls_adjacent_activation,pathway,tls_activation,0.023686360934343818,0.6428348264908044,0.023686360934343825,1.0
tls_adjacent_activation,gene,RGS5,0.02024443548958834,0.6428348264908044,0.02024443548958835,1.0
tls_adjacent_activation,gene,FN1,0.020016741862818377,1.0,0.020016741862818363,1.0
tls_adjacent_activation,gene,CD3E,0.01926259682495027,0.5049850750938458,0.01926259682495027,1.0
tls_adjacent_activation,gene,ENO1,0.01616768891339403,0.5049850750938458,0.01616768891339403,1.0
tls_adjacent_activation,gene,CD3D,0.013766672327891749,0.6428348264908044,0.013766672327891758,1.0
tls_adjacent_activation,gene,TYROBP,0.007654495696120318,0.5049850750938458,0.007654495696120318,1.0
tls_adjacent_activation,gene,MMP11,0.0049879027709993804,0.5049850750938458,0.0049879027709993804,1.0
tls_adjacent_activation,marker_pair,cxcl12_cxcr4__outer_minus_inner,0.001878056111548787,0.6579050194284821,0.001878056111548787,1.0
tls_adjacent_activation,gene,LST1,0.001540277125019181,0.5049850750938458,0.001540277125019181,1.0
tls_adjacent_activation,gene,CD68,-0.020369796916881122,1.0,-0.020369796916881122,1.0
tls_adjacent_activation,gene,CD79A,-0.021368597345526652,1.0,-0.021368597345526655,1.0
tls_adjacent_activation,gene,MS4A1,-0.025094372803039403,1.0,-0.0250943728030394,1.0
tls_adjacent_activation,gene,COL4A1,-0.03320470183999624,1.0,-0.03320470183999624,1.0
tls_adjacent_activation,gene,CD44,-0.040550820563552886,1.0,-0.04055082056355289,1.0
tls_adjacent_activation,gene,COL1A2,-0.05103301921885563,1.0,-0.051033019218855606,1.0
tls_adjacent_activation,marker_pair,tgfb1_tgfbr2__outer_minus_inner,-0.09333836193507343,0.6579050194284821,-0.09333836193507343,1.0
tls_adjacent_activation,gene,CXCL12,-0.10935492570349337,0.6579050194284821,-0.10935492570349337,1.0
tls_adjacent_activation,gene,COL4A2,-0.13197135147362674,1.0,-0.13197135147362674,1.0
tls_adjacent_activation,marker_pair,cxcl13_cxcr5__outer_minus_inner,-0.19186342980590929,0.6428348264908044,-0.19186342980590929,1.0
tls_adjacent_activation,gene,FAP,-0.2267422499845743,1.0,-0.22674224998457426,1.0
