gene	cell_type	n_cells	mean_raw	mean_log1p	detection_fraction	mean_log1p_norm_by_gene	detection_norm_by_gene
ADAMTS13	11q13 Invasive Tumor Cells	64036	0.0721781497907427	0.04784344067381382	0.06488537697545131	0.6630757393732585	0.6601148682378559
ANGPT2	11q13 Invasive Tumor Cells	64036	0.0120713348741333	0.007940831971667197	0.010650259229183584	0.16830031217761166	0.18938527633761565
CDH5	11q13 Invasive Tumor Cells	64036	0.02339309138609532	0.015453379638637623	0.020925729277281528	0.020694833991586933	0.03131959203180769
CLEC14A	11q13 Invasive Tumor Cells	64036	0.03988381535386345	0.026468091159900068	0.03594852895246424	0.04155748169744505	0.06097956602794091
COL4A1	11q13 Invasive Tumor Cells	64036	0.05785807983009557	0.03548603470126147	0.04458429633331251	0.03921815326948283	0.06831822522716544
COL4A2	11q13 Invasive Tumor Cells	64036	0.09628958710725218	0.06109583781155651	0.07900243612967706	0.09213451070750399	0.1394141618953008
CXCL8	11q13 Invasive Tumor Cells	64036	0.043553626085327	0.02846966884394887	0.038322193766006624	0.5875885227687535	0.5896827565744269
EGFL7	11q13 Invasive Tumor Cells	64036	0.35272346804922233	0.20632754239338008	0.23903741645324506	0.20559968517527125	0.30681034074903785
EMCN	11q13 Invasive Tumor Cells	64036	0.04664563682928353	0.030693930947153895	0.041258042351177464	0.04385645514497113	0.0650593083263036
FLT1	11q13 Invasive Tumor Cells	64036	0.12132238116059717	0.07884511121563927	0.10397276531950778	0.11278992341297547	0.1685453248337284
GP1BA	11q13 Invasive Tumor Cells	64036	0.012289961896433256	0.008330881067818745	0.011649697045411956	0.33299247168169976	0.3582281841464176
HBB	11q13 Invasive Tumor Cells	64036	0.01372665375726154	0.009119271140361674	0.01244612405521894	0.13917030206253894	0.22502174811783676
IL6	11q13 Invasive Tumor Cells	64036	0.02643825348241614	0.01754452742921018	0.023861577862452372	0.1406210740048672	0.19505426301970546
ITGA2B	11q13 Invasive Tumor Cells	64036	0.011181210569054906	0.0075541820553332575	0.010525329502155038	0.09561369191660664	0.1044893598157488
KDR	11q13 Invasive Tumor Cells	64036	0.03829096133424949	0.024897827921370387	0.033496783059529016	0.028964643684744114	0.0525611821516336
MMRN2	11q13 Invasive Tumor Cells	64036	0.019801361734024612	0.01277754490385711	0.016896745580610908	0.021414330386234054	0.02997069804343654
PECAM1	11q13 Invasive Tumor Cells	64036	0.0740520956961709	0.048479711931903396	0.06488537697545131	0.03375958816791622	0.07275666246733742
PF4	11q13 Invasive Tumor Cells	64036	0.010462864638640764	0.007156123187238734	0.01013492410519083	0.2936332728024037	0.29427476062571944
PLAT	11q13 Invasive Tumor Cells	64036	8.869838840652132	2.01748548104039	0.9560247360859516	1.0	1.0
PPBP	11q13 Invasive Tumor Cells	64036	0.020066837403960272	0.013566815892289915	0.018895621213067648	0.5162658763147775	0.5169002158508061
RAB27A	11q13 Invasive Tumor Cells	64036	0.10867324629895683	0.0711585735052843	0.09505590605284528	0.4515759262491162	0.4675817513691493
SELP	11q13 Invasive Tumor Cells	64036	0.01677181585358236	0.011227751467246411	0.015444437503904054	0.03582426795646067	0.05951422208832375
SERPINE1	11q13 Invasive Tumor Cells	64036	0.011868324067711912	0.008008610174883496	0.011165594353176338	0.042738338523623784	0.054281340227288616
STXBP5	11q13 Invasive Tumor Cells	64036	0.21141233056405773	0.1329007538303924	0.16818664501218064	0.35234416278290714	0.4109991523807593
THBD	11q13 Invasive Tumor Cells	64036	0.03505840464738585	0.02325041883044925	0.03166968580173652	0.056265455476962684	0.07821287810829776
VWF	11q13 Invasive Tumor Cells	64036	0.05264226372665376	0.033807260687592	0.04458429633331251	0.02038689127095691	0.050771817189817395
ADAMTS13	11q13 Invasive Tumor Cells (G1/S)	2374	0.025695029486099412	0.016956942286013327	0.02316764953664701	0.2350110461424653	0.23569732710423527
ANGPT2	11q13 Invasive Tumor Cells (G1/S)	2374	0.011794439764111205	0.007932922034867273	0.010951979780960405	0.16813266666672785	0.19475053823832258
CDH5	11q13 Invasive Tumor Cells (G1/S)	2374	0.019797809604043808	0.012995714006574028	0.017270429654591406	0.017403580980807434	0.025848695824574157
CLEC14A	11q13 Invasive Tumor Cells (G1/S)	2374	0.02611625947767481	0.017981231306766987	0.025695029486099412	0.028232284920516208	0.04358653310151875
COL4A1	11q13 Invasive Tumor Cells (G1/S)	2374	0.10783487784330244	0.06284608363957601	0.07455770850884583	0.06945569887739565	0.11424763293892792
COL4A2	11q13 Invasive Tumor Cells (G1/S)	2374	0.11920808761583825	0.07194214582424152	0.08803706823925864	0.10849109599264085	0.1553574128290089
CXCL8	11q13 Invasive Tumor Cells (G1/S)	2374	0.02737994945240101	0.01832281943491203	0.02527379949452401	0.37816661878759095	0.38890058972198827
EGFL7	11q13 Invasive Tumor Cells (G1/S)	2374	0.22325189553496208	0.13498856075824672	0.16385846672283066	0.1345123645259343	0.21031632936712186
EMCN	11q13 Invasive Tumor Cells (G1/S)	2374	0.02906486941870261	0.01864245474033634	0.02401010951979781	0.026636926417778577	0.03786125150827141
FLT1	11q13 Invasive Tumor Cells (G1/S)	2374	0.07666385846672283	0.05085886414762646	0.06908171861836562	0.07275488998161093	0.11198510176029795
GP1BA	11q13 Invasive Tumor Cells (G1/S)	2374	0.0016849199663016006	0.0011678975241111126	0.0016849199663016006	0.046681867146918944	0.05181128896377421
HBB	11q13 Invasive Tumor Cells (G1/S)	2374	0.008003369839932602	0.0053051526056172695	0.007160909856781803	0.080962576860319	0.1294668482282731
IL6	11q13 Invasive Tumor Cells (G1/S)	2374	0.012215669755686605	0.008224896415895052	0.011373209772535805	0.0659233354815994	0.09296925220696567
ITGA2B	11q13 Invasive Tumor Cells (G1/S)	2374	0.014321819713563605	0.009635154573916678	0.013479359730412805	0.12195267392966092	0.13381525667853356
KDR	11q13 Invasive Tumor Cells (G1/S)	2374	0.04380791912384162	0.025524522357307025	0.03201347935973041	0.029693702504390632	0.050233669213667224
MMRN2	11q13 Invasive Tumor Cells (G1/S)	2374	0.018112889637742206	0.012312537750283944	0.017270429654591406	0.020635008779970543	0.03063352228325715
PECAM1	11q13 Invasive Tumor Cells (G1/S)	2374	0.05433866891322662	0.033627142928993214	0.04507160909856782	0.02341677479728159	0.05053927406917811
PF4	11q13 Invasive Tumor Cells (G1/S)	2374	0.008845829823083403	0.006010281684628084	0.008424599831508003	0.24661658768938308	0.2446142736791431
PLAT	11q13 Invasive Tumor Cells (G1/S)	2374	6.233361415332772	1.6797995900172722	0.9182813816343723	0.8326204108051486	0.9605205252260481
PPBP	11q13 Invasive Tumor Cells (G1/S)	2374	0.013479359730412805	0.008979639242023128	0.012215669755686605	0.34170739538879036	0.3341664326500047
RAB27A	11q13 Invasive Tumor Cells (G1/S)	2374	0.13563605728727884	0.08717433109265708	0.11288963774220724	0.5532127383833855	0.5553062057773114
SELP	11q13 Invasive Tumor Cells (G1/S)	2374	0.013058129738837404	0.008687664860995349	0.011794439764111205	0.027719640464445864	0.045449172710319494
SERPINE1	11q13 Invasive Tumor Cells (G1/S)	2374	0.013058129738837404	0.008566484544040092	0.011373209772535805	0.04571546228442845	0.05529065893063883
STXBP5	11q13 Invasive Tumor Cells (G1/S)	2374	0.19039595619208088	0.12058779618287968	0.15585509688289806	0.3197002640189399	0.3808644420515853
THBD	11q13 Invasive Tumor Cells (G1/S)	2374	0.02695871946082561	0.01803084505388425	0.02485256950294861	0.043634212226005505	0.06137702159032899
VWF	11q13 Invasive Tumor Cells (G1/S)	2374	0.04380791912384162	0.026228555909064234	0.03369839932603201	0.015816682766863755	0.03837514799784763
ADAMTS13	11q13 Invasive Tumor Cells (Mitotic)	2462	0.10844841592201462	0.07215380963724537	0.0982940698619009	1.0	1.0
ANGPT2	11q13 Invasive Tumor Cells (Mitotic)	2462	0.0231519090170593	0.014831350744005966	0.019090170593013808	0.31433997963160404	0.33946565574510335
CDH5	11q13 Invasive Tumor Cells (Mitotic)	2462	0.04955320877335499	0.03306232868860427	0.04508529650690495	0.04427636022577315	0.06747927752092125
CLEC14A	11q13 Invasive Tumor Cells (Mitotic)	2462	0.06498781478472786	0.04308085688832249	0.05848903330625508	0.06764114234120203	0.0992150714463304
COL4A1	11q13 Invasive Tumor Cells (Mitotic)	2462	0.12103980503655565	0.07503957583648756	0.09301380991064176	0.0829315986192093	0.1425286241416799
COL4A2	11q13 Invasive Tumor Cells (Mitotic)	2462	0.20227457351746547	0.12567962926130094	0.15678310316815597	0.189528968955397	0.2766722901007115
CXCL8	11q13 Invasive Tumor Cells (Mitotic)	2462	0.07392363931762795	0.04845171023728991	0.06498781478472786	1.0	1.0
EGFL7	11q13 Invasive Tumor Cells (Mitotic)	2462	0.27051177904142976	0.16641433283432155	0.20389926888708368	0.16582727658412258	0.2617096732969504
EMCN	11q13 Invasive Tumor Cells (Mitotic)	2462	0.09057676685621446	0.05810356918497897	0.0751421608448416	0.08302020943850599	0.11849076524518448
FLT1	11q13 Invasive Tumor Cells (Mitotic)	2462	0.24654752233956134	0.15857726862898391	0.20633631194151097	0.22684878882070986	0.3344820214630809
GP1BA	11q13 Invasive Tumor Cells (Mitotic)	2462	0.03330625507717303	0.02285243893623556	0.03249390739236393	0.913431612260985	0.9991876523151907
HBB	11q13 Invasive Tumor Cells (Mitotic)	2462	0.030869212022745736	0.020345266884845576	0.027213647441104792	0.31049158362831975	0.4920136174676892
IL6	11q13 Invasive Tumor Cells (Mitotic)	2462	0.04670999187652315	0.031091560912844894	0.04224207961007311	0.24920184973308362	0.34530397588366873
ITGA2B	11q13 Invasive Tumor Cells (Mitotic)	2462	0.12469536961819659	0.07900732524711988	0.10073111291632819	1.0	1.0
KDR	11q13 Invasive Tumor Cells (Mitotic)	2462	0.06295694557270512	0.042140561350957506	0.05808285946385053	0.049023808344258235	0.09114020742653693
MMRN2	11q13 Invasive Tumor Cells (Mitotic)	2462	0.04224207961007311	0.027128857204892724	0.034930950446791224	0.045466192101674456	0.061958970928245066
PECAM1	11q13 Invasive Tumor Cells (Mitotic)	2462	0.16734362307067424	0.10759630143863927	0.13931762794476035	0.07492632856526998	0.1562183361585767
PF4	11q13 Invasive Tumor Cells (Mitotic)	2462	0.021933387489845652	0.015203065698715292	0.021933387489845652	0.6238190457235915	0.6368515724730184
PLAT	11q13 Invasive Tumor Cells (Mitotic)	2462	7.280259951259139	1.8656606303181473	0.954914703493095	0.924745505160241	0.9988389080836955
PPBP	11q13 Invasive Tumor Cells (Mitotic)	2462	0.03899268887083672	0.026278738368557132	0.036555645816409424	1.0	1.0
RAB27A	11q13 Invasive Tumor Cells (Mitotic)	2462	0.2258326563769293	0.14722418666291093	0.19496344435418358	0.9342921756805551	0.959028771062481
SELP	11q13 Invasive Tumor Cells (Mitotic)	2462	0.03411860276198213	0.022666581458880897	0.030869212022745736	0.07232202193009866	0.11895267403224272
SERPINE1	11q13 Invasive Tumor Cells (Mitotic)	2462	0.020714865962632008	0.01400790413939962	0.01949634443541836	0.07475386316013827	0.094781134977046
STXBP5	11q13 Invasive Tumor Cells (Mitotic)	2462	0.3460601137286759	0.21345700093523076	0.26320064987814784	0.5659134814288362	0.6431856940730898
THBD	11q13 Invasive Tumor Cells (Mitotic)	2462	0.05280259951259139	0.03573419006091553	0.049959382615759544	0.08647588219979244	0.12338193461578188
VWF	11q13 Invasive Tumor Cells (Mitotic)	2462	0.11169780666125101	0.07168136820353063	0.09423233143785541	0.043226225077004174	0.1073101315621372
ADAMTS13	Apocrine Cells	403	0.05955334987593052	0.039851533966588394	0.05459057071960298	0.5523136500614829	0.5553801037672006
ANGPT2	Apocrine Cells	403	0.017369727047146403	0.012039777329825353	0.017369727047146403	0.2551745573245157	0.3088723462917011
CDH5	Apocrine Cells	403	0.03722084367245657	0.025799522849625754	0.03722084367245657	0.03455016668976555	0.055708531036318204
CLEC14A	Apocrine Cells	403	0.04714640198511166	0.03125169301671315	0.04218362282878412	0.049068202641067656	0.07155616901562437
COL4A1	Apocrine Cells	403	0.05707196029776675	0.03599001188739414	0.04466501240694789	0.039775134479033726	0.06844190955890522
COL4A2	Apocrine Cells	403	0.16377171215880892	0.10608712197712702	0.13895781637717122	0.15998283067788702	0.24521633076257923
CXCL8	Apocrine Cells	403	0.05955334987593052	0.03813156577661335	0.04962779156327544	0.787001441019643	0.7636476426799009
EGFL7	Apocrine Cells	403	0.07444168734491315	0.047023672323650845	0.05955334987593052	0.046857787929712305	0.07643817373567864
EMCN	Apocrine Cells	403	0.04714640198511166	0.030537841720306744	0.03970223325062035	0.04363342994211844	0.06260597175961782
FLT1	Apocrine Cells	403	0.15632754342431762	0.10550259078280257	0.14640198511166252	0.1509241213664805	0.2373253232336424
GP1BA	Apocrine Cells	403	0.02481389578163772	0.0171996818997505	0.02481389578163772	0.6874860583547492	0.7630272952853597
HBB	Apocrine Cells	403	0.017369727047146403	0.012039777329825353	0.017369727047146403	0.18374050096409886	0.3140388386888691
IL6	Apocrine Cells	403	0.04466501240694789	0.0302455761231445	0.04218362282878412	0.24242120031408662	0.3448261263274258
ITGA2B	Apocrine Cells	403	0.02729528535980149	0.018919650089725553	0.02729528535980149	0.23946703714558729	0.27097174417673897
KDR	Apocrine Cells	403	0.07196029776674938	0.04501143853651355	0.05707196029776675	0.05236361513402719	0.08955396390246369
MMRN2	Apocrine Cells	403	0.01240694789081886	0.00859984094987525	0.01240694789081886	0.014412771526563123	0.022006893996384582
PECAM1	Apocrine Cells	403	0.07196029776674938	0.047445258022894995	0.06451612903225806	0.0330392303820476	0.0723426208261856
PF4	Apocrine Cells	403	0.017369727047146403	0.012039777329825353	0.017369727047146403	0.4940215712710401	0.5043424317617866
PLAT	Apocrine Cells	403	3.3101736972704714	1.183031078374597	0.8114143920595533	0.5863888932496921	0.8487378636054486
PPBP	Apocrine Cells	403	0.007444168734491315	0.00515990456992515	0.007444168734491315	0.1963528270481602	0.20363937138130686
RAB27A	Apocrine Cells	403	0.13399503722084366	0.08687520629023925	0.1141439205955335	0.5513144771751856	0.5614760462177838
SELP	Apocrine Cells	403	0.02977667493796526	0.0206396182797006	0.02977667493796526	0.06585461193436933	0.11474264730340143
SERPINE1	Apocrine Cells	403	0.017369727047146403	0.012039777329825353	0.017369727047146403	0.06425085851785921	0.08444262201170445
STXBP5	Apocrine Cells	403	0.14640198511166252	0.09031514267018934	0.1141439205955335	0.23944193252175114	0.2789344814553103
THBD	Apocrine Cells	403	0.062034739454094295	0.040857650860157045	0.05459057071960298	0.09887453435268	0.1348193247095808
VWF	Apocrine Cells	403	0.062034739454094295	0.040857650860157045	0.05459057071960298	0.024638508673329316	0.062166787519590136
ADAMTS13	B Cells	2512	0.0019904458598726115	0.0013796719358279165	0.0019904458598726115	0.019121262519113585	0.020249907880191608
ANGPT2	B Cells	2512	0.007165605095541401	0.00430042707663509	0.0051751592356687895	0.09114450753738636	0.09202583156404812
CDH5	B Cells	2512	0.009554140127388535	0.006278855937931268	0.008359872611464968	0.008408508968982594	0.01251224252017943
CLEC14A	B Cells	2512	0.018710191082802547	0.012005843101531369	0.01552547770700637	0.018850343303569404	0.026335900815346758
COL4A1	B Cells	2512	0.06050955414012739	0.036232638226436256	0.04339171974522293	0.040043278187731304	0.06649079443546597
COL4A2	B Cells	2512	0.061703821656050956	0.03741345203441894	0.04617834394904458	0.056420702629563294	0.08149008353111531
CXCL8	B Cells	2512	0.009554140127388535	0.006507902173959756	0.009156050955414012	0.13431728502642362	0.14088873407643313
EGFL7	B Cells	2512	0.014331210191082803	0.009085087960724197	0.011544585987261146	0.009053038692009702	0.014817757040354238
EMCN	B Cells	2512	0.014729299363057325	0.00986600297108385	0.013535031847133758	0.01409685574345152	0.021343228131227195
FLT1	B Cells	2512	0.032245222929936306	0.020721220372815794	0.027070063694267517	0.02964222921166605	0.043881997988602074
GP1BA	B Cells	2512	0.004777070063694267	0.0029207551408071725	0.0035828025477707007	0.1167450916171898	0.11017117834394903
HBB	B Cells	2512	0.006767515923566879	0.004024492689469505	0.0051751592356687895	0.061418270673300475	0.09356514307842273
IL6	B Cells	2512	0.011146496815286623	0.007034078861850806	0.009156050955414012	0.05637881830556228	0.07484529235970658
ITGA2B	B Cells	2512	0.0035828025477707007	0.0024834094844902494	0.0035828025477707007	0.03143264851357285	0.035567983357304295
KDR	B Cells	2512	0.020700636942675158	0.013270991919345042	0.01711783439490446	0.015438678165054592	0.026860299094187783
MMRN2	B Cells	2512	0.010350318471337579	0.00671620159424819	0.00875796178343949	0.011255915041736014	0.015534484249358733
PECAM1	B Cells	2512	0.21218152866242038	0.1101852870632928	0.11664012738853503	0.0767292082643847	0.13078981388619504
PF4	B Cells	2512	0.003980891719745223	0.002759343871655833	0.003980891719745223	0.11322264173238693	0.11558803457688809
PLAT	B Cells	2512	0.050955414012738856	0.03313871704422397	0.04378980891719745	0.01642575243076088	0.04580405429306854
PPBP	B Cells	2512	0.009156050955414012	0.0063464909048084155	0.009156050955414012	0.24150668178203252	0.2504688605803255
RAB27A	B Cells	2512	0.06648089171974522	0.043238711522036365	0.05692675159235669	0.2743950622328301	0.28002373881442694
SELP	B Cells	2512	0.007165605095541401	0.004852295850966255	0.006767515923566879	0.015482169094687755	0.02607822043111741
SERPINE1	B Cells	2512	0.007563694267515924	0.004852295850966255	0.006369426751592357	0.025894513300915883	0.030964855933318373
STXBP5	B Cells	2512	0.06289808917197452	0.03990180678960925	0.050955414012738856	0.1057869748786562	0.12452018391192475
THBD	B Cells	2512	0.016321656050955414	0.010464759896552113	0.013535031847133758	0.025324467758208572	0.03342672240827077
VWF	B Cells	2512	0.03423566878980892	0.01957104392197329	0.022292993630573247	0.011801983845524359	0.025386871394435982
ADAMTS13	Basal-like Structured DCIS Cells	8760	0.03458904109589041	0.023081108757870773	0.031621004566210045	0.31988759670364575	0.32169798860334353
ANGPT2	Basal-like Structured DCIS Cells	8760	0.019292237442922376	0.012319919653287147	0.015867579908675798	0.2611119755523545	0.28216083206494164
CDH5	Basal-like Structured DCIS Cells	8760	0.03881278538812785	0.024713016381850656	0.031735159817351595	0.03309514057203707	0.04749809411052415
CLEC14A	Basal-like Structured DCIS Cells	8760	0.034018264840182645	0.021773080922309517	0.02865296803652968	0.03418585822678132	0.048604090548196685
COL4A1	Basal-like Structured DCIS Cells	8760	0.34714611872146117	0.17871211488231956	0.19075342465753425	0.19750753138724406	0.2922987800722415
COL4A2	Basal-like Structured DCIS Cells	8760	0.4309360730593607	0.23676326583309595	0.2589041095890411	0.357046706165584	0.45688337243623706
CXCL8	Basal-like Structured DCIS Cells	8760	0.02363013698630137	0.015873110987839674	0.021917808219178082	0.32760682564355065	0.3372602739726028
EGFL7	Basal-like Structured DCIS Cells	8760	0.11621004566210046	0.07338412526063572	0.0930365296803653	0.07312524966581221	0.11941464979364047
EMCN	Basal-like Structured DCIS Cells	8760	0.030593607305936073	0.02030573577605147	0.027511415525114154	0.029013474741351505	0.04338241863020378
FLT1	Basal-like Structured DCIS Cells	8760	0.08184931506849315	0.05327752133298425	0.07077625570776255	0.07621484018642004	0.11473203556837297
GP1BA	Basal-like Structured DCIS Cells	8760	0.014269406392694063	0.009713151161196103	0.0136986301369863	0.38824299454697647	0.4212328767123287
HBB	Basal-like Structured DCIS Cells	8760	0.01598173515981735	0.009153445938401717	0.011529680365296804	0.13969184779716554	0.20845275360654011
IL6	Basal-like Structured DCIS Cells	8760	0.023515981735159817	0.015641809957341844	0.02134703196347032	0.12537061054829773	0.17449933995541994
ITGA2B	Basal-like Structured DCIS Cells	8760	0.01004566210045662	0.006798920265641127	0.009474885844748858	0.08605430248872997	0.09406116512004713
KDR	Basal-like Structured DCIS Cells	8760	0.08367579908675798	0.050134376117882073	0.060616438356164384	0.05832333427628066	0.09511575043369026
MMRN2	Basal-like Structured DCIS Cells	8760	0.06746575342465753	0.04209431765947789	0.05319634703196347	0.07054732599460771	0.094357321432261
PECAM1	Basal-like Structured DCIS Cells	8760	0.05011415525114155	0.031149300035686635	0.03949771689497717	0.02169129103738781	0.04428920953091706
PF4	Basal-like Structured DCIS Cells	8760	0.007534246575342466	0.005156660932882743	0.0073059360730593605	0.21159043616728368	0.21213307240704501
PLAT	Basal-like Structured DCIS Cells	8760	2.815068493150685	1.0014572784313092	0.7029680365296803	0.4963888403870303	0.7353031882916466
PPBP	Basal-like Structured DCIS Cells	8760	0.011986301369863013	0.008176909322943737	0.011529680365296804	0.3111606504187248	0.3154008117706748
RAB27A	Basal-like Structured DCIS Cells	8760	0.11552511415525114	0.07567827528149407	0.10068493150684932	0.48025818357135064	0.49527103117909066
SELP	Basal-like Structured DCIS Cells	8760	0.012671232876712329	0.008394893627154287	0.01141552511415525	0.026785498382510552	0.04398904762487707
SERPINE1	Basal-like Structured DCIS Cells	8760	0.03299086757990868	0.019810293295826144	0.024315068493150686	0.1057185956914939	0.1182072770851712
STXBP5	Basal-like Structured DCIS Cells	8760	0.17431506849315068	0.10949045835807289	0.13892694063926941	0.2902791953469693	0.33949696089993653
THBD	Basal-like Structured DCIS Cells	8760	0.04349315068493151	0.028262863037139888	0.03767123287671233	0.0683954501406701	0.09303456824993331
VWF	Basal-like Structured DCIS Cells	8760	0.059703196347031966	0.03572472270059318	0.04406392694063927	0.021543183995661234	0.05017922962314447
ADAMTS13	CAFs, DCIS Associated	24442	0.020211112020292937	0.013667945630288492	0.019024629735700842	0.1894279137720426	0.19354809260039452
ANGPT2	CAFs, DCIS Associated	24442	0.011905736028148269	0.00776184403822309	0.010310121921283038	0.16450678963713353	0.18333687914245972
CDH5	CAFs, DCIS Associated	24442	0.03260780623516897	0.021016315317157027	0.027575484821209393	0.028144597930925733	0.04127229800383717
CLEC14A	CAFs, DCIS Associated	24442	0.051550609606415186	0.03232060684804662	0.041117748138450205	0.05074650149206626	0.069748123514161
COL4A1	CAFs, DCIS Associated	24442	0.6216348907618034	0.3148296539066432	0.317118075443908	0.347940752598375	0.48593217530708294
COL4A2	CAFs, DCIS Associated	24442	0.5452499795434089	0.3023236262010168	0.33074216512560345	0.45591386210731766	0.5836546822269704
CXCL8	CAFs, DCIS Associated	24442	0.01955650110465592	0.012802769457700827	0.017306276082153668	0.26423772029923986	0.2663003232141396
EGFL7	CAFs, DCIS Associated	24442	0.042222404058587674	0.026353800468717554	0.0333033303330333	0.02626083273560132	0.042745634884964905
EMCN	CAFs, DCIS Associated	24442	0.041526879960723344	0.026816533178812225	0.03522624989771705	0.03831630710726091	0.05554784770852292
FLT1	CAFs, DCIS Associated	24442	0.08305375992144669	0.05430760578960633	0.07245724572457246	0.0776884020240531	0.11745700885878062
GP1BA	CAFs, DCIS Associated	24442	0.01988380656247443	0.013172922513565739	0.018001800180018002	0.5265330271018102	0.5535553555355535
HBB	CAFs, DCIS Associated	24442	0.013337697406104247	0.007988252819741002	0.010187382374601097	0.12190969440033474	0.1841844561814672
IL6	CAFs, DCIS Associated	24442	0.05261435234432534	0.03064635111328461	0.03686277718680959	0.24563345038894252	0.30133136536402455
ITGA2B	CAFs, DCIS Associated	24442	0.01992471974470174	0.013414848149562671	0.018615497913427707	0.16979246047886798	0.18480385428572182
KDR	CAFs, DCIS Associated	24442	0.04578185091236396	0.028248898284871933	0.03575812126667212	0.03286307849391143	0.05610954108511288
MMRN2	CAFs, DCIS Associated	24442	0.02585713116766222	0.016563374195535656	0.021643073398248915	0.027759132916602324	0.03838952385571753
PECAM1	CAFs, DCIS Associated	24442	0.07969887897880697	0.04719776166142451	0.056951149660420586	0.03286688250902316	0.06385992909523691
PF4	CAFs, DCIS Associated	24442	0.008632681449963178	0.005924868862445362	0.00842811553882661	0.24311189026305496	0.24471635475235837
PLAT	CAFs, DCIS Associated	24442	0.14311431143114312	0.08820209183313699	0.10907454381801816	0.04371882358610698	0.11409175903186232
PPBP	CAFs, DCIS Associated	24442	0.011046559201374683	0.007404902716391516	0.010187382374601097	0.281783037394656	0.2786815045140878
RAB27A	CAFs, DCIS Associated	24442	0.06623844202602078	0.04395121046220229	0.05981507241633254	0.2789166167414101	0.29423144210684316
SELP	CAFs, DCIS Associated	24442	0.021438507487112346	0.014031884233446274	0.01877915064233696	0.044771384740697064	0.07236434099173991
SERPINE1	CAFs, DCIS Associated	24442	0.04107683495622289	0.02598579370841272	0.0335897226086245	0.13867445462612396	0.16329584466234098
STXBP5	CAFs, DCIS Associated	24442	0.1434007037067343	0.09142544020561717	0.11782996481466329	0.2423855340009384	0.28794209944775334
THBD	CAFs, DCIS Associated	24442	0.05539644873578267	0.03542487846139013	0.045986416823500534	0.08572735555351918	0.11357011989858781
VWF	CAFs, DCIS Associated	24442	0.07253907208902709	0.04091187289784258	0.047786596841502334	0.024671206347269825	0.05441854102219941
ADAMTS13	CAFs, Invasive Associated	4001	0.011997000749812546	0.00809997961747614	0.011247188202949263	0.11225990225878495	0.11442387337050035
ANGPT2	CAFs, Invasive Associated	4001	0.07923019245188703	0.04718251480892699	0.05623594101474631	1.0	1.0
CDH5	CAFs, Invasive Associated	4001	0.03174206448387903	0.020037931492227063	0.025743564108972758	0.026834367333448194	0.0385304576320342
CLEC14A	CAFs, Invasive Associated	4001	0.07173206698325418	0.043464894022139454	0.05373656585853537	0.06824411805498969	0.09115345081904189
COL4A1	CAFs, Invasive Associated	4001	2.4473881529617594	0.8509496445796532	0.6213446638340415	0.940445272814616	0.9521102311486805
COL4A2	CAFs, Invasive Associated	4001	1.4781304673831541	0.6262584922935625	0.5351162209447639	0.9444181769281239	0.9443098607382123
CXCL8	CAFs, Invasive Associated	4001	0.010747313171707074	0.007086852257390698	0.009747563109222694	0.14626629736459626	0.14999062734316423
EGFL7	CAFs, Invasive Associated	4001	0.03899025243689078	0.02415331097151806	0.030242439390152462	0.024068105857707668	0.03881690687612366
EMCN	CAFs, Invasive Associated	4001	0.03549112721819545	0.02243700672646386	0.028742814296425893	0.03205870179289695	0.04532419646962459
FLT1	CAFs, Invasive Associated	4001	0.07223194201449637	0.045799107672900845	0.05873531617095726	0.06551678052277855	0.09521303884555175
GP1BA	CAFs, Invasive Associated	4001	0.01374656335916021	0.008878163898708423	0.011747063234191453	0.35486783649405895	0.36122219445138715
HBB	CAFs, Invasive Associated	4001	0.022494376405898527	0.008296108225169439	0.008747813046738315	0.126607913052419	0.15815752560811577
IL6	CAFs, Invasive Associated	4001	0.03499125218695326	0.019573141732833112	0.021994501374656337	0.15688061267116088	0.17979201881993956
ITGA2B	CAFs, Invasive Associated	4001	0.007748062984253936	0.005298645469859166	0.007498125468632842	0.06706524304279395	0.07443703590231475
KDR	CAFs, Invasive Associated	4001	0.10547363159210198	0.059163656196548495	0.06723319170207448	0.06882745861332189	0.1054983706766176
MMRN2	CAFs, Invasive Associated	4001	0.02174456385903524	0.013833427253815945	0.017745563609097726	0.02318392021441663	0.03147629382247198
PECAM1	CAFs, Invasive Associated	4001	0.10747313171707074	0.0636215144819947	0.07673081729567609	0.04430381373858405	0.08603908053021851
PF4	CAFs, Invasive Associated	4001	0.0022494376405898524	0.0015591913584202717	0.0022494376405898524	0.06397744274645847	0.06531402863569821
PLAT	CAFs, Invasive Associated	4001	0.6093476630842289	0.33635130637767713	0.364158960259935	0.16671808027298682	0.3809095586279843
PPBP	CAFs, Invasive Associated	4001	0.005498625343664084	0.0035956490264842426	0.0047488127968008	0.13682730791926015	0.12990641228581742
RAB27A	CAFs, Invasive Associated	4001	0.07898025493626594	0.05203869590253763	0.06998250437390652	0.3302402106365922	0.34424522703679905
SELP	CAFs, Invasive Associated	4001	0.015746063484128967	0.009397894351515182	0.011747063234191453	0.029985762194445556	0.045266610067769025
SERPINE1	CAFs, Invasive Associated	4001	0.3504123969007748	0.18738702653255238	0.20569857535616096	1.0	1.0
STXBP5	CAFs, Invasive Associated	4001	0.18645338665333666	0.11372922262442654	0.13921519620094977	0.3015169333102053	0.3402013734976852
THBD	CAFs, Invasive Associated	4001	0.10847288177955511	0.06545774180772106	0.07948012996750813	0.1584061639561305	0.19628769783499145
VWF	CAFs, Invasive Associated	4001	0.09322669332666833	0.05031215275556944	0.055236190952261933	0.030339884597985974	0.06290200855305783
ADAMTS13	CXCL14+ Fibroblasts	4936	0.001012965964343598	0.000702134502187951	0.001012965964343598	0.009731080115075634	0.010305463653776605
ANGPT2	CXCL14+ Fibroblasts	4936	0.004457050243111832	0.002914544520859695	0.0038492706645056724	0.06177170785962981	0.06844858634972087
CDH5	CXCL14+ Fibroblasts	4936	0.007293354943273906	0.004647391408629571	0.0058752025931928685	0.006223686723844398	0.008793430608069298
CLEC14A	CXCL14+ Fibroblasts	4936	0.012965964343598054	0.008531620538363304	0.011547811993517018	0.013395475413419195	0.019588578015753495
COL4A1	CXCL14+ Fibroblasts	4936	0.07435170178282009	0.04683946329286213	0.05976499189627228	0.05176563867854418	0.0915801865873227
COL4A2	CXCL14+ Fibroblasts	4936	0.05753646677471637	0.036575224495857754	0.04679902755267423	0.055156628236065375	0.08258539259551106
CXCL8	CXCL14+ Fibroblasts	4936	0.002025931928687196	0.001404269004375902	0.002025931928687196	0.02898285731295268	0.031174027552674233
EGFL7	CXCL14+ Fibroblasts	4936	0.013371150729335495	0.008521062191293002	0.01094003241491086	0.008491002624111893	0.014041797819049153
EMCN	CXCL14+ Fibroblasts	4936	0.009521880064829822	0.006165708554193683	0.008306320907617504	0.008809758551601666	0.013098137046497232
FLT1	CXCL14+ Fibroblasts	4936	0.011750405186385737	0.007887768465764448	0.01094003241491086	0.011283652054464818	0.017734368335750234
GP1BA	CXCL14+ Fibroblasts	4936	0.0012155591572123178	0.0008425614026255412	0.0012155591572123178	0.033677902939663364	0.03737844408427877
HBB	CXCL14+ Fibroblasts	4936	0.009724473257698542	0.0040597003515462134	0.004051863857374392	0.06195557907116625	0.07325633942556972
IL6	CXCL14+ Fibroblasts	4936	0.00506482982171799	0.0033358252221724655	0.004457050243111832	0.026736959848426896	0.03643374530483075
ITGA2B	CXCL14+ Fibroblasts	4936	0.001012965964343598	0.000702134502187951	0.001012965964343598	0.008886954468991425	0.010056137920217494
KDR	CXCL14+ Fibroblasts	4936	0.02127228525121556	0.013327709105639593	0.017017828200972446	0.01550465954692497	0.02670337525567438
MMRN2	CXCL14+ Fibroblasts	4936	0.003646677471636953	0.0024111193486984306	0.0032414910858995136	0.004040878488173698	0.005749613147839861
PECAM1	CXCL14+ Fibroblasts	4936	0.023095623987034037	0.014339592885942089	0.017625607779578605	0.009985594613370874	0.019763781236651394
PF4	CXCL14+ Fibroblasts	4936	0.0016207455429497568	0.0011234152035007217	0.0016207455429497568	0.04609647909752933	0.047059504514934014
PLAT	CXCL14+ Fibroblasts	4936	0.06888168557536467	0.042269411548229885	0.05328200972447326	0.020951531966630126	0.05573287773140101
PPBP	CXCL14+ Fibroblasts	4936	0.0024311183144246355	0.0016268403756619857	0.002228525121555916	0.061907095875216075	0.06096254276967405
RAB27A	CXCL14+ Fibroblasts	4936	0.011142625607779578	0.007408205334862581	0.01012965964343598	0.04701284780091585	0.049827982221515146
SELP	CXCL14+ Fibroblasts	4936	0.0018233387358184765	0.0012638421039383118	0.0018233387358184765	0.004032527645292368	0.007026127460991305
SERPINE1	CXCL14+ Fibroblasts	4936	0.01012965964343598	0.006729932873934026	0.009116693679092382	0.03591461478665878	0.0443206456987225
STXBP5	CXCL14+ Fibroblasts	4936	0.017017828200972446	0.011271317770455709	0.015194489465153971	0.029882321272305116	0.03713090471948222
THBD	CXCL14+ Fibroblasts	4936	0.011142625607779578	0.007326060864014088	0.00992706645056726	0.01772889143940375	0.024516329057758322
VWF	CXCL14+ Fibroblasts	4936	0.02127228525121556	0.013049372022754397	0.01600486223662885	0.007869200969595326	0.01822605729944371
ADAMTS13	Dendritic Cells	4008	0.013223552894211578	0.008921150528110123	0.0124750499001996	0.12364074153480425	0.12691559030698932
ANGPT2	Dendritic Cells	4008	0.016467065868263474	0.010637556666947557	0.013972055888223553	0.2254554830327721	0.2484542027056997
CDH5	Dendritic Cells	4008	0.03592814371257485	0.022305730151857436	0.02844311377245509	0.029871354574093723	0.04257088045360165
CLEC14A	Dendritic Cells	4008	0.03992015968063872	0.025024420453252497	0.031686626746506984	0.03929077804261033	0.05375009226236747
COL4A1	Dendritic Cells	4008	0.23552894211576847	0.11048688464697716	0.1122754491017964	0.12210695313891425	0.17204397175797656
COL4A2	Dendritic Cells	4008	0.19111776447105788	0.1052410509441559	0.12100798403193613	0.15870692803969055	0.2135405881504844
CXCL8	Dendritic Cells	4008	0.04565868263473054	0.025032984847761314	0.03093812375249501	0.5166584363103692	0.476060379241517
EGFL7	Dendritic Cells	4008	0.054890219560878244	0.033665548821860264	0.041666666666666664	0.033546787591889	0.05348018058242794
EMCN	Dendritic Cells	4008	0.03268463073852296	0.020583349680641676	0.02619760479041916	0.02941013823079646	0.04131068636178
FLT1	Dendritic Cells	4008	0.09805389221556886	0.06364846985759152	0.0843313373253493	0.0910507440462188	0.13670553629582938
GP1BA	Dendritic Cells	4008	0.02594810379241517	0.016850426551932342	0.02220558882235529	0.6735260221267357	0.6828218562874251
HBB	Dendritic Cells	4008	0.018463073852295408	0.011704589131771923	0.014970059880239521	0.17862515325122846	0.27065366123099716
IL6	Dendritic Cells	4008	0.03967065868263473	0.02479270557005072	0.03143712574850299	0.198715918614169	0.2569798791043505
ITGA2B	Dendritic Cells	4008	0.013722554890219561	0.009224642375496474	0.012724550898203593	0.1167567987733232	0.12632195286845663
KDR	Dendritic Cells	4008	0.0531437125748503	0.03243464920723823	0.04091816367265469	0.03773253073698709	0.06420637618503895
MMRN2	Dendritic Cells	4008	0.022954091816367265	0.01400849554359665	0.01746506986027944	0.023477323229293558	0.030978766449002444
PECAM1	Dendritic Cells	4008	0.7437624750499002	0.39701857593497675	0.4149201596806387	0.2764699517481468	0.46525438266621094
PF4	Dendritic Cells	4008	0.0054890219560878245	0.003804700092893911	0.0054890219560878245	0.15611616947850876	0.15937767322497862
PLAT	Dendritic Cells	4008	0.36501996007984033	0.169325002353205	0.16117764471057885	0.08392873403276557	0.16859150043591356
PPBP	Dendritic Cells	4008	0.01472055888223553	0.009671688151251977	0.012974051896207584	0.3680423320026765	0.35491239742736747
RAB27A	Dendritic Cells	4008	0.10578842315369262	0.06859928960662673	0.09006986027944112	0.4353345804753013	0.4430553004420607
SELP	Dendritic Cells	4008	0.01971057884231537	0.012814011575836656	0.01721556886227545	0.040885531322020184	0.06633917152290593
SERPINE1	Dendritic Cells	4008	0.036926147704590816	0.02395428855729077	0.031686626746506984	0.1278332283752285	0.15404397765829214
STXBP5	Dendritic Cells	4008	0.1284930139720559	0.08050676976708528	0.10129740518962076	0.21343814519021204	0.2475413411587421
THBD	Dendritic Cells	4008	0.1217564870259481	0.07522053488501117	0.09356287425149701	0.1820318888614247	0.23106707547105104
VWF	Dendritic Cells	4008	0.11052894211576847	0.05522100562290691	0.05913173652694611	0.03330008449694626	0.06733818774704652
ADAMTS13	Endothelial Cells	8624	0.016697588126159554	0.011473811199359552	0.016349721706864564	0.1590187858000063	0.16633477207562214
ANGPT2	Endothelial Cells	8624	0.06064471243042672	0.03728994641608682	0.0460343228200371	0.790334016045951	0.8185925582354153
CDH5	Endothelial Cells	8624	1.5839517625231911	0.7467264364101632	0.6681354359925789	1.0	1.0
CLEC14A	Endothelial Cells	8624	1.3179499072356216	0.6369031538676542	0.589517625231911	1.0	1.0
COL4A1	Endothelial Cells	8624	2.700139146567718	0.9048369630620658	0.6525974025974026	1.0	1.0
COL4A2	Endothelial Cells	8624	1.5338589981447124	0.6631156701479123	0.5666743970315399	1.0	1.0
CXCL8	Endothelial Cells	8624	0.022727272727272728	0.015102998601288489	0.020756029684601114	0.31171239420285235	0.31938340677179966
EGFL7	Endothelial Cells	8624	2.452690166975881	1.0035401669875532	0.7791048237476809	1.0	1.0
EMCN	Endothelial Cells	8624	1.4728664192949907	0.6998725922031905	0.6341604823747681	1.0	1.0
FLT1	Endothelial Cells	8624	1.5473098330241188	0.6990439290126235	0.6168831168831169	1.0	1.0
GP1BA	Endothelial Cells	8624	0.023075139146567718	0.015713943566344906	0.022147495361781077	0.6280998210665826	0.6810354823747681
HBB	Endothelial Cells	8624	0.22298237476808905	0.0655259851075393	0.055310760667903525	1.0	1.0
IL6	Endothelial Cells	8624	0.2729591836734694	0.12476456714164282	0.1223330241187384	1.0	1.0
ITGA2B	Endothelial Cells	8624	0.021103896103896104	0.014214148765866453	0.01971243042671614	0.1799092517232712	0.1956935633490933
KDR	Endothelial Cells	8624	2.37569573283859	0.8595937927758542	0.637291280148423	1.0	1.0
MMRN2	Endothelial Cells	8624	1.2184601113172542	0.5966819729311267	0.5637755102040817	1.0	1.0
PECAM1	Endothelial Cells	8624	4.5438311688311686	1.4360279423662103	0.8918135435992579	1.0	1.0
PF4	Endothelial Cells	8624	0.009160482374768089	0.006349562530639572	0.009160482374768089	0.2605381123203701	0.2659811489530877
PLAT	Endothelial Cells	8624	0.6777597402597403	0.34025279481375925	0.33916975881261596	0.16865191745434296	0.35477090289651547
PPBP	Endothelial Cells	8624	0.01820500927643785	0.012204793534651398	0.016813543599257887	0.46443605334016336	0.45994382601525463
RAB27A	Endothelial Cells	8624	0.12128942486085344	0.07943463725525167	0.10598330241187384	0.5040962476874136	0.5213338151769352
SELP	Endothelial Cells	8624	0.7355055658627088	0.3134118883013089	0.2595083487940631	1.0	1.0
SERPINE1	Endothelial Cells	8624	0.05322356215213358	0.03216795780926653	0.04012059369202226	0.1716658746579684	0.19504555937032936
STXBP5	Endothelial Cells	8624	0.1331168831168831	0.08514028908193032	0.11073747680890537	0.2257224508594712	0.2706101254469277
THBD	Endothelial Cells	8624	0.8287337662337663	0.41322723922441	0.4049165120593692	1.0	1.0
VWF	Endothelial Cells	8624	6.707908163265306	1.658284249337892	0.8781307977736549	1.0	1.0
ADAMTS13	Luminal-like Amorphous DCIS Cells	13028	0.026788455634019034	0.018060460419790446	0.0250230273257599	0.25030501522497217	0.25457311271083005
ANGPT2	Luminal-like Amorphous DCIS Cells	13028	0.009134172551427695	0.006004098818007046	0.008059564015965612	0.1272526240350178	0.1433169583461263
CDH5	Luminal-like Amorphous DCIS Cells	13028	0.04290758366595026	0.02793561405594611	0.03707399447344182	0.03741077413871227	0.05548874146806009
CLEC14A	Luminal-like Amorphous DCIS Cells	13028	0.03883942278170095	0.02589472443620639	0.035462081670248696	0.04065724008266916	0.0601544044697531
COL4A1	Luminal-like Amorphous DCIS Cells	13028	0.0761436905127418	0.0466263659371463	0.0578753454098864	0.05153012955986861	0.0886846088867911
COL4A2	Luminal-like Amorphous DCIS Cells	13028	0.11160577218299048	0.07121740080432573	0.09218606079214	0.10739815692854947	0.16267906451226016
CXCL8	Luminal-like Amorphous DCIS Cells	13028	0.03669020571077679	0.024298505221424523	0.03315934909425852	0.5014994331969659	0.5102394841879031
EGFL7	Luminal-like Amorphous DCIS Cells	13028	0.26258827141541297	0.15636267965360173	0.18575376112987413	0.15581108240338234	0.23841947253818047
EMCN	Luminal-like Amorphous DCIS Cells	13028	0.045977893767270496	0.030530456458253502	0.04144918636782315	0.043622877647121444	0.06536072101592738
FLT1	Luminal-like Amorphous DCIS Cells	13028	0.09840343874731348	0.0644891177569788	0.08627571384709856	0.09225331210309995	0.13985747297319134
GP1BA	Luminal-like Amorphous DCIS Cells	13028	0.014276941971139085	0.009653121951733208	0.013432606693276021	0.38584357548560444	0.41305265581823764
HBB	Luminal-like Amorphous DCIS Cells	13028	0.01803807184525637	0.011776089626302647	0.015812097021799202	0.17971633096360287	0.28587741030607194
IL6	Luminal-like Amorphous DCIS Cells	13028	0.024255449800429842	0.016286633045689204	0.02249002149217071	0.13053892959207963	0.1838426022260476
ITGA2B	Luminal-like Amorphous DCIS Cells	13028	0.011436905127417869	0.007763844977019726	0.010899600859686828	0.09826740688582858	0.10820490853447165
KDR	Luminal-like Amorphous DCIS Cells	13028	0.05273257599017501	0.03323182941548948	0.04367516119128032	0.0386599225061586	0.06853249456215457
MMRN2	Luminal-like Amorphous DCIS Cells	13028	0.02778630641694811	0.017894771142356786	0.02356463002763279	0.029990467207264414	0.041797895795620155
PECAM1	Luminal-like Amorphous DCIS Cells	13028	0.08143997543751919	0.053043306628522954	0.07038685907276634	0.03693751706608231	0.07892553278423312
PF4	Luminal-like Amorphous DCIS Cells	13028	0.011743936137549893	0.008007785246466146	0.011283389622351857	0.3285790543700732	0.32762127724900214
PLAT	Luminal-like Amorphous DCIS Cells	13028	2.8183143997543754	0.9230575271216412	0.6322536076143691	0.45752870877942226	0.6613360342566766
PPBP	Luminal-like Amorphous DCIS Cells	13028	0.015888854774332207	0.010836660254551307	0.015274792754068161	0.4123736879057146	0.417850441783509
RAB27A	Luminal-like Amorphous DCIS Cells	13028	0.08842493091802273	0.05839973840407257	0.07883021185139699	0.3706077098435194	0.3877672629598166
SELP	Luminal-like Amorphous DCIS Cells	13028	0.018345102855388394	0.012353506290984192	0.017116978814860302	0.03941620197606461	0.06595926063420698
SERPINE1	Luminal-like Amorphous DCIS Cells	13028	0.010439054344488793	0.007125391939967274	0.010055265581823764	0.038025001366513864	0.048883496467651125
STXBP5	Luminal-like Amorphous DCIS Cells	13028	0.30741479889468837	0.1847064012605273	0.22090881178999078	0.48969039254539826	0.539836765235143
THBD	Luminal-like Amorphous DCIS Cells	13028	0.029551734725207245	0.01989549282788293	0.0276327909118821	0.048146615080905515	0.06824318122109714
VWF	Luminal-like Amorphous DCIS Cells	13028	0.06286459932453178	0.03884715315362241	0.04927847712618975	0.023426112362300387	0.056117468207613944
ADAMTS13	Macrophages	3861	0.009842009842009843	0.006747451641757612	0.009583009583009583	0.0935148355392536	0.09749326278251898
ANGPT2	Macrophages	3861	0.009324009324009324	0.0061648718493527346	0.008288008288008289	0.13066009462018616	0.14737920515698294
CDH5	Macrophages	3861	0.020202020202020204	0.012793809865301702	0.016317016317016316	0.017133195292786306	0.024421719666426363
CLEC14A	Macrophages	3861	0.021756021756021756	0.014199506422883462	0.018907018907018906	0.022294608429328112	0.0320720163363751
COL4A1	Macrophages	3861	0.08728308728308729	0.04935948039795829	0.05723905723905724	0.0545506896965399	0.0877096001474111
COL4A2	Macrophages	3861	0.08780108780108781	0.05489075315144203	0.07018907018907018	0.08277704120489007	0.12386137534490306
CXCL8	Macrophages	3861	0.019166019166019167	0.012851311817628665	0.017871017871017872	0.26523959122784285	0.27499028749028753
EGFL7	Macrophages	3861	0.22533022533022534	0.13061086904311606	0.14866614866614866	0.13015011589938283	0.19081661945183304
EMCN	Macrophages	3861	0.03263403263403263	0.020963965843588853	0.027195027195027196	0.0299539745907102	0.042883509696455394
FLT1	Macrophages	3861	0.06993006993006994	0.046158519417716044	0.06241906241906242	0.06603092810335029	0.1011845853951117
GP1BA	Macrophages	3861	0.01528101528101528	0.010368463464304955	0.014504014504014505	0.41443639015054357	0.44599844599844596
HBB	Macrophages	3861	0.01295001295001295	0.007990630678996826	0.009842009842009843	0.12194598319861716	0.1779402366404463
IL6	Macrophages	3861	0.027713027713027714	0.017925533813446387	0.02356902356902357	0.14367487680292973	0.19266280498507987
ITGA2B	Macrophages	3861	0.009842009842009843	0.006821961373032355	0.009842009842009843	0.08634593503443583	0.09770575899608158
KDR	Macrophages	3861	0.027454027454027453	0.017820518245430805	0.023828023828023827	0.020731324952782255	0.03738953375052356
MMRN2	Macrophages	3861	0.014245014245014245	0.009169580606857297	0.012173012173012173	0.015367617965417761	0.021591949193759147
PECAM1	Macrophages	3861	0.4421134421134421	0.2537920055022898	0.2867132867132867	0.17673194094267056	0.3214946540911955
PF4	Macrophages	3861	0.006216006216006216	0.004308607182967802	0.006216006216006216	0.17679271237405186	0.18048618048618048
PLAT	Macrophages	3861	0.054649054649054646	0.034774208116408474	0.04454804454804455	0.01723641059289105	0.046597167276683775
PPBP	Macrophages	3861	0.010619010619010619	0.007211517808353845	0.010101010101010102	0.2744240498616374	0.27631874298540965
RAB27A	Macrophages	3861	0.04325304325304325	0.028609043981798088	0.038591038591038594	0.18155444802758428	0.18983002909383279
SELP	Macrophages	3861	0.01528101528101528	0.010114428433739886	0.013727013727013727	0.03227199991857375	0.052896231627241455
SERPINE1	Macrophages	3861	0.011396011396011397	0.0073910431076441695	0.009842009842009843	0.03944266177018513	0.0478467574457854
STXBP5	Macrophages	3861	0.05853405853405853	0.038435714112335005	0.0518000518000518	0.1019000955190734	0.12658423254449744
THBD	Macrophages	3861	0.07096607096607097	0.04469239575716791	0.05672105672105672	0.10815452495593339	0.14008086860320537
VWF	Macrophages	3861	0.05957005957005957	0.03567948236937435	0.04351204351204351	0.02151590258643547	0.04955075442332804
ADAMTS13	Mast Cells	369	0.032520325203252036	0.021761745512920226	0.02981029810298103	0.3016021693425172	0.30327666913032764
ANGPT2	Mast Cells	369	0.02710027100271003	0.018784476437938895	0.02710027100271003	0.3981236802236927	0.4819030412526348
CDH5	Mast Cells	369	0.04878048780487805	0.030374357519283215	0.037940379403794036	0.040676686987681704	0.05678546198860114
CLEC14A	Mast Cells	369	0.056910569105691054	0.03944740051967168	0.056910569105691054	0.06193626186355593	0.0965375192697639
COL4A1	Mast Cells	369	0.06504065040650407	0.04196423860062754	0.05420054200542006	0.04637767942040744	0.0830535668540765
COL4A2	Mast Cells	369	0.10298102981029811	0.0667032531885291	0.08672086720867209	0.10059067549052264	0.15303473681350277
CXCL8	Mast Cells	369	0.04607046070460705	0.02927553608809578	0.037940379403794036	0.6042209025175841	0.5838075880758808
EGFL7	Mast Cells	369	0.07317073170731707	0.04288815889052074	0.04878048780487805	0.042736863258062974	0.06261094312089126
EMCN	Mast Cells	369	0.04607046070460705	0.03115398373188967	0.04336043360433604	0.04451379305170003	0.06837454368326824
FLT1	Mast Cells	369	0.13008130081300814	0.08470810341386154	0.1111111111111111	0.12117708186595504	0.18011695906432745
GP1BA	Mast Cells	369	0.032520325203252036	0.022541371725526674	0.032520325203252036	0.9009979886730534	1.0
HBB	Mast Cells	369	0.02981029810298103	0.01832404544391343	0.02168021680216802	0.2796454782608846	0.3919710475930755
IL6	Mast Cells	369	0.04336043360433604	0.02534373965921377	0.02981029810298103	0.2031325098129945	0.24368152686266198
ITGA2B	Mast Cells	369	0.05420054200542006	0.036009700450664886	0.04878048780487805	0.4557767313098297	0.48426435877262
KDR	Mast Cells	369	0.06233062330623306	0.038492873165771005	0.04878048780487805	0.04478030610419766	0.07654347285830938
MMRN2	Mast Cells	369	0.04607046070460705	0.028781439728220563	0.037940379403794036	0.04823581243260172	0.06729696256238579
PECAM1	Mast Cells	369	0.14092140921409213	0.07861232948845441	0.08672086720867209	0.054742896826172616	0.09724102962002185
PF4	Mast Cells	369	0.008130081300813009	0.005635342931381669	0.008130081300813009	0.23123193173313492	0.23606271777003487
PLAT	Mast Cells	369	0.2791327913279133	0.16906640454513464	0.20596205962059622	0.0838005557581259	0.21543591064790102
PPBP	Mast Cells	369	0.01084010840108401	0.0075137905751755584	0.01084010840108401	0.28592660993824237	0.29653718759409814
RAB27A	Mast Cells	369	0.0948509485094851	0.06418641510757324	0.08943089430894309	0.40733025448662474	0.439912215073071
SELP	Mast Cells	369	0.04065040650406504	0.02739708844430189	0.037940379403794036	0.08741560057850388	0.14620099730934752
SERPINE1	Mast Cells	369	0.01084010840108401	0.0075137905751755584	0.01084010840108401	0.04009770961315875	0.05269899600575593
STXBP5	Mast Cells	369	0.6612466124661247	0.37719016764945723	0.4092140921409214	1.0	1.0
THBD	Mast Cells	369	0.06233062330623306	0.04054622195085912	0.05420054200542006	0.09812088386758021	0.1338560922837178
VWF	Mast Cells	369	0.10840108401084012	0.06442926648613607	0.08130081300813008	0.038852968971912344	0.09258394445822182
ADAMTS13	Myeloid Cells	813	0.03075030750307503	0.02131448894710779	0.03075030750307503	0.29540351444042645	0.3128399052585567
ANGPT2	Myeloid Cells	813	0.013530135301353014	0.008670670161446292	0.01107011070110701	0.1837687159440215	0.1968511685116851
CDH5	Myeloid Cells	813	0.04551045510455105	0.03048388617879783	0.041820418204182044	0.04082336541524771	0.06259272589254876
CLEC14A	Myeloid Cells	813	0.0959409594095941	0.06317165854360801	0.08487084870848709	0.09918565822761621	0.14396660095633215
COL4A1	Myeloid Cells	813	0.1033210332103321	0.0628039142889087	0.07749077490774908	0.06940909451397022	0.11874208294321749
COL4A2	Myeloid Cells	813	0.1820418204182042	0.1156791267301328	0.14883148831488316	0.17444788584822585	0.26264022001791537
CXCL8	Myeloid Cells	813	0.04428044280442804	0.026640332284789053	0.03198031980319803	0.5498326509904256	0.49209717097170974
EGFL7	Myeloid Cells	813	0.06273062730627306	0.04121356794365331	0.055350553505535055	0.0410681797295359	0.07104378232352052
EMCN	Myeloid Cells	813	0.06888068880688807	0.04419065051271903	0.05781057810578106	0.06314099309648259	0.09116080189874856
FLT1	Myeloid Cells	813	0.21648216482164823	0.1342771106539257	0.16851168511685116	0.1920867989563799	0.27316631061047447
GP1BA	Myeloid Cells	813	0.03690036900369004	0.023792844445929762	0.03198031980319803	0.9510204281985712	0.9833948339483393
HBB	Myeloid Cells	813	0.041820418204182044	0.020672275379598867	0.020910209102091022	0.31548209989780607	0.37804956665918865
IL6	Myeloid Cells	813	0.06765067650676507	0.03999324413106968	0.046740467404674045	0.32054969649889553	0.3820756311828521
ITGA2B	Myeloid Cells	813	0.024600246002460024	0.01705159115768623	0.024600246002460024	0.21582291394313244	0.24421695829861523
KDR	Myeloid Cells	813	0.09471094710947109	0.0625280568907611	0.08487084870848709	0.07274140113185505	0.13317434484388513
MMRN2	Myeloid Cells	813	0.03198031980319803	0.0211055110420704	0.028290282902829027	0.035371457492493326	0.05018004931180533
PECAM1	Myeloid Cells	813	0.17343173431734318	0.10139564023647486	0.11808118081180811	0.07060840339178953	0.13240568239774192
PF4	Myeloid Cells	813	0.03567035670356704	0.024370954691004466	0.03444034440344403	1.0	1.0
PLAT	Myeloid Cells	813	0.37761377613776137	0.1925120646639094	0.1992619926199262	0.0954217844307031	0.20842765369829458
PPBP	Myeloid Cells	813	0.038130381303813035	0.02501455634385139	0.033210332103321034	0.9518933516907967	0.9084870848708487
RAB27A	Myeloid Cells	813	0.06396063960639606	0.043626432034703067	0.06150061500615006	0.2768555563238232	0.30252265712841175
SELP	Myeloid Cells	813	0.05166051660516605	0.03339547734009133	0.04428044280442804	0.10655459663988713	0.17063205484601762
SERPINE1	Myeloid Cells	813	0.02214022140221402	0.01499257955427704	0.020910209102091022	0.0800086315029529	0.10165461314394433
STXBP5	Myeloid Cells	813	0.07995079950799508	0.04846882815453733	0.06027060270602706	0.12849971264251506	0.1472837907187019
THBD	Myeloid Cells	813	0.08487084870848709	0.055997169592892956	0.07503075030750307	0.13551180628361906	0.18529931003777392
VWF	Myeloid Cells	813	0.0971709717097171	0.06090366903516145	0.07626076260762607	0.03672691763156928	0.08684442317815493
ADAMTS13	Myoepithelial Cells	8438	0.031642569329224934	0.021153508298679177	0.029153827921308367	0.29317243822646144	0.2965980344721537
ANGPT2	Myoepithelial Cells	8438	0.016473097890495378	0.010981240478442554	0.015050959943114482	0.23273961811727956	0.26763951436622685
CDH5	Myoepithelial Cells	8438	0.11258592083432092	0.06914656562148529	0.08568381132969898	0.0925995950456806	0.12824317752643596
CLEC14A	Myoepithelial Cells	8438	0.03424982223275658	0.022811857334807863	0.031168523346764638	0.03581683839415886	0.05287123236477148
COL4A1	Myoepithelial Cells	8438	0.40009480919649204	0.2041310418362406	0.2188907324010429	0.22559980435087348	0.3354146546244836
COL4A2	Myoepithelial Cells	8438	0.5319981038160702	0.2915598178462351	0.31879592320455086	0.43968168898979687	0.5625733664244008
CXCL8	Myoepithelial Cells	8438	0.024768902583550606	0.016376559141516974	0.022161649680018963	0.33799754562457274	0.34101238445129184
EGFL7	Myoepithelial Cells	8438	0.06885517895235838	0.043409254515360894	0.05487082246977957	0.04325612062511425	0.07042803586536375
EMCN	Myoepithelial Cells	8438	0.03626451765821285	0.023963506014734095	0.032235126807300306	0.03423981204821475	0.050831181858869603
FLT1	Myoepithelial Cells	8438	0.0977719838824366	0.06447256712290035	0.0869874377814648	0.09222963600294151	0.14101121492995344
GP1BA	Myoepithelial Cells	8438	0.020739511732638067	0.013938493204225681	0.01931737378525717	0.5571335451568191	0.5940092438966579
HBB	Myoepithelial Cells	8438	0.014102867978193885	0.008837798286489939	0.011258592083432092	0.13487471072713528	0.203551568401506
IL6	Myoepithelial Cells	8438	0.030220431381844038	0.019866957299505654	0.0271391324958521	0.15923557268427885	0.22184633046846303
ITGA2B	Myoepithelial Cells	8438	0.020739511732638067	0.014102785022324742	0.019791419767717467	0.17849971478231813	0.19647772366177582
KDR	Myoepithelial Cells	8438	0.07418819625503674	0.046308430615882946	0.05972979378999763	0.05387245813669833	0.09372447992084054
MMRN2	Myoepithelial Cells	8438	0.06245555818914435	0.039721963133955776	0.051315477601327326	0.06657141481722084	0.09102111864126837
PECAM1	Myoepithelial Cells	8438	0.05546337994785494	0.034300333136686706	0.04384925337757763	0.023885561084673913	0.049168633614384276
PF4	Myoepithelial Cells	8438	0.011258592083432092	0.007735674094369665	0.011021569092201944	0.3174136669018129	0.32001913114143504
PLAT	Myoepithelial Cells	8438	1.0346053567196019	0.48200510543741865	0.45212135577150986	0.23891379143351016	0.4729180519141523
PPBP	Myoepithelial Cells	8438	0.014339890969424033	0.009803280464321669	0.013865844986963735	0.373049890250874	0.37930789286560795
RAB27A	Myoepithelial Cells	8438	0.10630481156672197	0.06978721208834958	0.09338705854467884	0.4428731969563682	0.45937265976149383
SELP	Myoepithelial Cells	8438	0.016354586394880303	0.01109748002015999	0.015525005925574781	0.03540861222689504	0.05982468771320684
SERPINE1	Myoepithelial Cells	8438	0.05724105238208106	0.03152905433524337	0.0350794027020621	0.1682563351298294	0.1705378981907053
STXBP5	Myoepithelial Cells	8438	0.201588054041242	0.12579700983257572	0.1576202891680493	0.3335108404773836	0.3851780576358291
THBD	Myoepithelial Cells	8438	0.051433989096942405	0.03396036114563629	0.04621948328987912	0.08218325880301793	0.11414571130925474
VWF	Myoepithelial Cells	8438	0.07146243185589002	0.0419762066168591	0.051552500592557476	0.02531303462215182	0.0587070863739886
ADAMTS13	Pericytes	8087	0.00927414368739953	0.006235915066660147	0.008655867441572894	0.08642530585718657	0.08806093240145646
ANGPT2	Pericytes	8087	0.07468777049585755	0.04512192348701563	0.05440830963274391	0.9563272256628107	0.9675006526249261
CDH5	Pericytes	8087	0.31804130085322124	0.18331321858689953	0.20835909484357612	0.24548912379232937	0.31185158520149264
CLEC14A	Pericytes	8087	0.31643378261407196	0.18263738238775484	0.2093483368368987	0.2867584832618149	0.3551180284975245
COL4A1	Pericytes	8087	1.5722764931371336	0.6276675671534118	0.5163843205144059	0.6936802902362842	0.7912754762111294
COL4A2	Pericytes	8087	1.0337578830221343	0.47680687105694797	0.4361320638061086	0.7190402708332817	0.7696343192682383
CXCL8	Pericytes	8087	0.010387040929887474	0.006986307744815719	0.009645109434895511	0.14419114847753803	0.14841412142945468
EGFL7	Pericytes	8087	0.43019661184617286	0.24292888523079698	0.27055768517373563	0.2420719102455318	0.34726737266532165
EMCN	Pericytes	8087	0.32274020032150363	0.18769743279690634	0.21491282304933845	0.2681880029135547	0.33889343316465437
FLT1	Pericytes	8087	0.3560034623469766	0.20502599888147044	0.2351922839124521	0.29329487085462985	0.38125907076334337
GP1BA	Pericytes	8087	0.012365524916532707	0.008393261740291286	0.01174724867070607	0.33548588073924096	0.3612278966242116
HBB	Pericytes	8087	0.08383825893409175	0.02909781529060394	0.024483739334734758	0.44406528559394365	0.4426577945969655
IL6	Pericytes	8087	0.07468777049585755	0.03896562515816628	0.04253740571287251	0.3123132316399524	0.3477180918178318
ITGA2B	Pericytes	8087	0.00717200445158897	0.004900107867883426	0.006924693953258316	0.06202093100300283	0.06874434077791118
KDR	Pericytes	8087	0.6527760603437616	0.3246482093513414	0.31853592184988255	0.37767630720432155	0.49982783661451735
MMRN2	Pericytes	8087	0.2594287127488562	0.15219636607378395	0.17744528255224434	0.2550711651738665	0.31474457357683155
PECAM1	Pericytes	8087	1.0775318412266601	0.5102737634871709	0.4703845678249042	0.3553369321256862	0.5274472127060166
PF4	Pericytes	8087	0.003956967973290466	0.0027427611942522877	0.003956967973290466	0.1125422138372226	0.11489339151018389
PLAT	Pericytes	8087	0.2543588475330778	0.14917535083052708	0.17423024607394583	0.0739412264585911	0.18224449587702052
PPBP	Pericytes	8087	0.00927414368739953	0.0062003416683107234	0.008532212192407568	0.23594518052394467	0.2334034046411937
RAB27A	Pericytes	8087	0.047854581426981575	0.03129469469507052	0.041795474217880546	0.1985977240333566	0.20559270691961118
SELP	Pericytes	8087	0.10980586125881044	0.06350395749893915	0.07270928650921231	0.20262140610916304	0.2801809145913525
SERPINE1	Pericytes	8087	0.032892296277977	0.02093498165371107	0.02732781006553728	0.11172054992864888	0.13285366715943459
STXBP5	Pericytes	8087	0.06318783232348213	0.040336816318976114	0.05267713614442933	0.10694026456294918	0.12872757110791008
THBD	Pericytes	8087	0.2860145913194015	0.1635005349696559	0.1877086682329665	0.3956673700323617	0.46357375568187376
VWF	Pericytes	8087	1.29108445653518	0.522848572084377	0.4304439223445035	0.3152949033274218	0.49018201324428873
ADAMTS13	Plasma Cells	873	0.027491408934707903	0.01839652713463359	0.025200458190148912	0.25496265861944745	0.25637821514110176
ANGPT2	Plasma Cells	873	0.014891179839633447	0.010321779321053022	0.014891179839633447	0.21876280573116313	0.26479826905943743
CDH5	Plasma Cells	873	0.042382588774341354	0.027594790701950388	0.03665521191294387	0.03695435082573275	0.0548619485486338
CLEC14A	Plasma Cells	873	0.045819014891179836	0.03063580523411923	0.042382588774341354	0.04810119882132853	0.07189367537173875
COL4A1	Plasma Cells	873	0.12600229095074456	0.07451630181413131	0.08705612829324169	0.08235329109672986	0.1333994403697435
COL4A2	Plasma Cells	873	0.15463917525773196	0.09688274407224681	0.12142038946162657	0.1461023294030082	0.21426835251014276
CXCL8	Plasma Cells	873	0.03436426116838488	0.02316042528281191	0.032073310423825885	0.4780104803191641	0.49352806414662087
EGFL7	Plasma Cells	873	0.042382588774341354	0.026800807677254002	0.03436426116838488	0.026706263046456027	0.044107365428806555
EMCN	Plasma Cells	873	0.06758304696449026	0.043938901491534656	0.058419243986254296	0.06278128616698007	0.09212059976914556
FLT1	Plasma Cells	873	0.145475372279496	0.09496395260953039	0.12600229095074456	0.13584833322801879	0.20425634533068063
GP1BA	Plasma Cells	873	0.038946162657502864	0.025018226465438092	0.032073310423825885	1.0	0.9862542955326459
HBB	Plasma Cells	873	0.013745704467353952	0.009527796296356635	0.013745704467353952	0.14540485397846212	0.24851772605127984
IL6	Plasma Cells	873	0.045819014891179836	0.028523691293263476	0.035509736540664374	0.22862012786756258	0.29027105964615124
ITGA2B	Plasma Cells	873	0.024054982817869417	0.01634411078958427	0.022909507445589918	0.206868296559376	0.22743228762517087
KDR	Plasma Cells	873	0.050400916380297825	0.03381173733290477	0.046964490263459335	0.03933455268879709	0.0736939163086014
MMRN2	Plasma Cells	873	0.016036655211912942	0.010786229616709567	0.014891179839633447	0.018077016075621562	0.02641331446668014
PECAM1	Plasma Cells	873	1.7445589919816724	0.7524104298425486	0.6300114547537228	0.5239524995612319	0.7064385367047334
PF4	Plasma Cells	873	0.012600229095074456	0.00873381327166025	0.012600229095074456	0.3583697636138964	0.3658566519391262
PLAT	Plasma Cells	873	0.18098510882016036	0.10139401590929782	0.11912943871706758	0.0502576186357536	0.12460915938722868
PPBP	Plasma Cells	873	0.0286368843069874	0.019520042888369817	0.027491408934707903	0.7428074595744601	0.7520427644138984
RAB27A	Plasma Cells	873	0.2222222222222222	0.1442661201115166	0.19014891179839633	0.9155201349122951	0.9353459968095348
SELP	Plasma Cells	873	0.043528064146620846	0.028059240997606937	0.03665521191294387	0.0895283237329889	0.14124868075836816
SERPINE1	Plasma Cells	873	0.012600229095074456	0.008404280542620409	0.011454753722794959	0.04484985272531895	0.05568708340814415
STXBP5	Plasma Cells	873	0.10882016036655212	0.07120415946444521	0.09507445589919816	0.18877522685219886	0.2323342664026763
THBD	Plasma Cells	873	0.054982817869415807	0.03644929184950735	0.050400916380297825	0.088206411363199	0.12447236622671491
VWF	Plasma Cells	873	0.08476517754868271	0.051819034142692094	0.06414662084765177	0.031248583687255083	0.07304905033542175
ADAMTS13	T Lymphocytes	8018	0.018084310301820904	0.012254552332591274	0.017211274632077826	0.16983929738708553	0.17509982704204796
ANGPT2	T Lymphocytes	8018	0.01683711648790222	0.011261235163752386	0.015465203292591668	0.23867390725900323	0.2750056816607078
CDH5	T Lymphocytes	8018	0.0354203043152906	0.023437528560693553	0.031803442254926415	0.03138703468618024	0.04760029260785932
CLEC14A	T Lymphocytes	8018	0.04365178348715391	0.029014326847399168	0.03953604390122225	0.04555531978638659	0.06706507525651861
COL4A1	T Lymphocytes	8018	0.10962833624345224	0.06326053687284393	0.07296083811424295	0.06991374076802019	0.11180068725963596
COL4A2	T Lymphocytes	8018	0.12534297829882765	0.07801969206669435	0.09852831129957595	0.11765623341293012	0.1738711186100968
CXCL8	T Lymphocytes	8018	0.02768770266899476	0.018567011201917085	0.025567473185333	0.3832065186344516	0.39341949363931156
EGFL7	T Lymphocytes	8018	0.040533798952357196	0.02586642811214973	0.03354951359441257	0.025775179671976747	0.04306161709156333
EMCN	T Lymphocytes	8018	0.05537540533798952	0.0361832253880223	0.04826640059865303	0.051699731909943696	0.07611070374159512
FLT1	T Lymphocytes	8018	0.1250935395360439	0.08236838148532594	0.11075081067597904	0.11783005054012638	0.1795328930957976
GP1BA	T Lymphocytes	8018	0.03379895235719631	0.022874765753219267	0.031928161636318286	0.9143240343123462	0.9817909703167872
HBB	T Lymphocytes	8018	0.020453978548266402	0.013502406365226515	0.018209029683212773	0.2060618599333801	0.3292131488218594
IL6	T Lymphocytes	8018	0.04103267647792467	0.02644869054589204	0.03529558493389873	0.21198879739522	0.28852049712790767
ITGA2B	T Lymphocytes	8018	0.01908206535295585	0.012996712790634142	0.01833374906460464	0.16450009856659362	0.1820068153107122
KDR	T Lymphocytes	8018	0.0432776253429783	0.02804363647339305	0.03778997256173609	0.03262428918062889	0.0592978026514578
MMRN2	T Lymphocytes	8018	0.022823646794711897	0.01453174381166974	0.018957345971563982	0.024354253138039916	0.03362569964186914
PECAM1	T Lymphocytes	8018	0.2116487902220005	0.12491573511884727	0.14891494138189074	0.08698698084733489	0.16697990566602855
PF4	T Lymphocytes	8018	0.010226989274133201	0.007052929250868511	0.010102269892741333	0.28939897268250264	0.29332662224281086
PLAT	T Lymphocytes	8018	0.07844849089548515	0.05110992552592416	0.06797206285856822	0.025333478731934894	0.07109864451504859
PPBP	T Lymphocytes	8018	0.0177101521576453	0.011708169428962677	0.015839361436767275	0.44553772958033866	0.43329453174801147
RAB27A	T Lymphocytes	8018	0.24694437515589923	0.15757831489455662	0.20329259166874533	1.0	1.0
SELP	T Lymphocytes	8018	0.06023946121227239	0.03864449101524364	0.05051134946370666	0.1233025691038608	0.19464248336684817
SERPINE1	T Lymphocytes	8018	0.017460713394861563	0.0115190324974617	0.015714642055375407	0.06147187833977741	0.07639645548427339
STXBP5	T Lymphocytes	8018	0.1462958343726615	0.0944470570678396	0.12372162634073335	0.2503963919749208	0.3023396034419245
THBD	T Lymphocytes	8018	0.048765278124220504	0.03212012767209346	0.043152905961586434	0.07772993796919106	0.1065723542419019
VWF	T Lymphocytes	8018	0.09815415315540035	0.05306322895159005	0.061985532551758545	0.0319988741211145	0.07058804076671936
ADAMTS13	Unassigned	12	0.0	0.0	0.0	0.0	0.0
ANGPT2	Unassigned	12	0.0	0.0	0.0	0.0	0.0
CDH5	Unassigned	12	0.0	0.0	0.0	0.0	0.0
CLEC14A	Unassigned	12	0.0	0.0	0.0	0.0	0.0
COL4A1	Unassigned	12	0.0	0.0	0.0	0.0	0.0
COL4A2	Unassigned	12	0.0	0.0	0.0	0.0	0.0
CXCL8	Unassigned	12	0.0	0.0	0.0	0.0	0.0
EGFL7	Unassigned	12	0.0	0.0	0.0	0.0	0.0
EMCN	Unassigned	12	0.0	0.0	0.0	0.0	0.0
FLT1	Unassigned	12	0.0	0.0	0.0	0.0	0.0
GP1BA	Unassigned	12	0.0	0.0	0.0	0.0	0.0
HBB	Unassigned	12	0.0	0.0	0.0	0.0	0.0
IL6	Unassigned	12	0.0	0.0	0.0	0.0	0.0
ITGA2B	Unassigned	12	0.0	0.0	0.0	0.0	0.0
KDR	Unassigned	12	0.0	0.0	0.0	0.0	0.0
MMRN2	Unassigned	12	0.0	0.0	0.0	0.0	0.0
PECAM1	Unassigned	12	0.0	0.0	0.0	0.0	0.0
PF4	Unassigned	12	0.0	0.0	0.0	0.0	0.0
PLAT	Unassigned	12	0.0	0.0	0.0	0.0	0.0
PPBP	Unassigned	12	0.0	0.0	0.0	0.0	0.0
RAB27A	Unassigned	12	0.0	0.0	0.0	0.0	0.0
SELP	Unassigned	12	0.0	0.0	0.0	0.0	0.0
SERPINE1	Unassigned	12	0.0	0.0	0.0	0.0	0.0
STXBP5	Unassigned	12	0.0	0.0	0.0	0.0	0.0
THBD	Unassigned	12	0.0	0.0	0.0	0.0	0.0
VWF	Unassigned	12	0.0	0.0	0.0	0.0	0.0
