cell_id	cell_type	x	y	VWF	SELP	vwf_norm	selp_norm	ee_neighbor_count	active_sender_edges	active_receiver_edges	hotspot_score
jblegpmg-1	Endothelial Cells	6715.94873046875	2118.8994140625	43.0	10.0	0.8792129189433595	0.7545168838552492	1	1	1	1.0
jbngdccj-1	Endothelial Cells	6679.9208984375	2114.8984375	46.0	9.0	0.8945374938193158	0.7245267751622539	1	1	1	0.994440600477258
jbngbknd-1	Endothelial Cells	6695.2626953125	2116.194580078125	60.0	14.0	0.955114240875238	0.8521096072201276	1	1	1	0.994440600477258
kdcjllgl-1	Endothelial Cells	8955.6484375	2557.096435546875	65.0	13.0	0.973418071358077	0.8304004496130023	1	1	1	0.8870965121106877
kfomkfge-1	Endothelial Cells	9107.484375	1735.7442626953125	42.0	11.0	0.8738715689110382	0.7818957080144684	3	2	3	0.8607453283729789
kfondbmn-1	Endothelial Cells	9121.3779296875	1743.0736083984375	32.0	6.0	0.8123732996016326	0.6122961576274708	3	2	3	0.8347283873416151
ldjmlmjd-1	Endothelial Cells	8860.416015625	918.8212890625	18.0	6.0	0.6841065168404427	0.6122961576274708	1	1	1	0.8317185661863069
ldjmjcdp-1	Endothelial Cells	8846.4267578125	919.4908447265624	38.0	9.0	0.8511863939776757	0.7245267751622539	1	1	1	0.8317185661863069
kfomjpao-1	Endothelial Cells	9078.103515625	1721.5621337890625	36.0	14.0	0.8389552282435554	0.8521096072201276	2	1	2	0.8310841496184885
fakgkede-1	Endothelial Cells	4682.47216796875	2978.377197265625	30.0	5.0	0.7978474140428734	0.5637914160289369	1	1	1	0.8288812002211119
iinleigg-1	Endothelial Cells	5756.00048828125	3213.0107421875	35.0	9.0	0.8325893918552129	0.7245267751622539	1	1	1	0.8233055749477753
iinmknji-1	Endothelial Cells	5757.4189453125	3224.12158203125	17.0	6.0	0.6715446200987684	0.6122961576274708	1	1	1	0.8233055749477753
jblnjfcc-1	Endothelial Cells	6443.54931640625	2212.572021484375	71.0	8.0	0.9936341636116572	0.6913742480868107	2	2	2	0.8227989328931524
lnknjgfl-1	Endothelial Cells	8804.9140625	2986.728759765625	30.0	7.0	0.7978474140428734	0.6543128759565946	3	3	3	0.8215520620777272
jmegbahe-1	Endothelial Cells	8513.806640625	131.52210998535156	11.0	8.0	0.5773394676840509	0.6913742480868107	1	1	1	0.8208592032434098
jmejadih-1	Endothelial Cells	8522.3896484375	156.8907928466797	28.0	11.0	0.7823524405574647	0.7818957080144684	1	1	1	0.8208592032434098
kfoioecf-1	Endothelial Cells	9103.71875	1753.4261474609375	36.0	12.0	0.8389552282435554	0.8070817847603028	5	3	5	0.8162102094696414
lkhjdeba-1	Endothelial Cells	8818.1533203125	2971.134033203125	60.0	5.0	0.955114240875238	0.5637914160289369	5	4	4	0.8154426967527726
kdbhchjg-1	Endothelial Cells	9468.5908203125	1504.002197265625	18.0	9.0	0.6841065168404427	0.7245267751622539	1	1	1	0.8153343514409844
lkhjoohk-1	Endothelial Cells	8836.576171875	2960.13525390625	44.0	15.0	0.8844342284183351	0.8724171679421262	3	2	3	0.8149510272593783
jlopceoo-1	Endothelial Cells	8575.4453125	289.23516845703125	26.0	17.0	0.765749772513486	0.9094785400723421	3	2	3	0.8139529121450789
jbhmnjbi-1	Endothelial Cells	6714.93408203125	2290.2470703125	45.0	13.0	0.8895407744957814	0.8304004496130023	3	2	3	0.8077270848024987
jlopfhbi-1	Endothelial Cells	8582.9873046875	301.01092529296875	29.0	13.0	0.7902290760036176	0.8304004496130023	3	2	3	0.8062055699738935
ldcjppnd-1	Endothelial Cells	8949.0517578125	1126.2158203125	21.0	7.0	0.7181681471869151	0.6543128759565946	3	3	3	0.805043538221414
lkmocdje-1	Endothelial Cells	8648.919921875	2963.642822265625	15.0	8.0	0.6441790870257778	0.6913742480868107	2	2	2	0.8013286795392441
molihian-1	Endothelial Cells	5326.95849609375	4575.14404296875	32.0	8.0	0.8123732996016326	0.6913742480868107	2	2	2	0.7964775794468151
lkhjcmna-1	Endothelial Cells	8841.75390625	2976.7392578125	22.0	13.0	0.7284960027393369	0.8304004496130023	2	1	2	0.7956102864636937
jblmckeh-1	Endothelial Cells	6438.77392578125	2180.64501953125	25.0	5.0	0.7569812415629582	0.5637914160289369	2	2	2	0.7945711568759253
kfoelmlh-1	Endothelial Cells	8995.1083984375	1771.059326171875	29.0	12.0	0.7902290760036176	0.8070817847603028	1	1	1	0.7938306323386549
melfpaih-1	Endothelial Cells	8328.1767578125	3819.433349609375	31.0	13.0	0.8052238587822221	0.8304004496130023	4	3	4	0.7912731343378959
lnknegpi-1	Endothelial Cells	8814.0625	2990.41845703125	23.0	5.0	0.7383842394404954	0.5637914160289369	3	3	3	0.7905982245258018
lkobjgcc-1	Endothelial Cells	8491.810546875	3055.573486328125	46.0	6.0	0.8945374938193158	0.6122961576274708	4	4	4	0.7823826118257261
ldcoanba-1	Endothelial Cells	8960.6396484375	1145.852783203125	27.0	12.0	0.7741993761749866	0.8070817847603028	4	3	3	0.7823639438452005
lngaheen-1	Endothelial Cells	9441.501953125	3449.366943359375	24.0	3.0	0.7478687601520222	0.4362085839710631	2	2	2	0.7817872861322893
lcpllchg-1	Endothelial Cells	8827.5078125	383.5127868652344	44.0	8.0	0.8844342284183351	0.6913742480868107	1	1	1	0.7816970534837387
lcpiappf-1	Endothelial Cells	8833.388671875	375.6321716308594	24.0	3.0	0.7478687601520222	0.4362085839710631	1	1	1	0.7816970534837387
kmojggal-1	Endothelial Cells	7716.86328125	2388.45166015625	24.0	12.0	0.7478687601520222	0.8070817847603028	2	2	2	0.7808609226450064
llebhdml-1	Endothelial Cells	8634.6318359375	2955.179931640625	21.0	6.0	0.7181681471869151	0.6122961576274708	1	1	1	0.7773143801098985
lddaiohe-1	Endothelial Cells	8931.9013671875	1102.4874267578125	20.0	5.0	0.7073597568332597	0.5637914160289369	2	2	2	0.7761579546944546
lkoddlah-1	Endothelial Cells	8502.3798828125	3039.94873046875	19.0	6.0	0.6960239235889	0.6122961576274708	2	2	2	0.7737790717629233
jblpkmfb-1	Endothelial Cells	6448.9091796875	2165.2734375	13.0	5.0	0.6131546044185421	0.5637914160289369	2	2	2	0.771561397783157
molkgckm-1	Endothelial Cells	5300.337890625	4566.857421875	36.0	4.0	0.8389552282435554	0.5064224831767222	2	2	2	0.7708375898451959
lokjiloe-1	Endothelial Cells	9286.109375	2854.0234375	14.0	8.0	0.6291843042471731	0.6913742480868107	2	2	2	0.7655077174188247
ldcmdabp-1	Endothelial Cells	8938.5498046875	1134.5537109375	36.0	5.0	0.8389552282435554	0.5637914160289369	4	3	3	0.7578012705107542
jbnlajgk-1	Endothelial Cells	6670.279296875	2128.248779296875	22.0	5.0	0.7284960027393369	0.5637914160289369	2	1	2	0.7574425315785185
npocmcdj-1	Endothelial Cells	6073.16748046875	3929.567138671875	37.0	7.0	0.8451512885968872	0.6543128759565946	1	1	1	0.7568445941781758
kgeobdem-1	Endothelial Cells	9482.5224609375	1983.333251953125	28.0	8.0	0.7823524405574647	0.6913742480868107	2	2	2	0.7543419003049892
eknhdcff-1	Endothelial Cells	5104.3310546875	2010.4813232421875	22.0	8.0	0.7284960027393369	0.6913742480868107	2	1	2	0.7532653990432634
jlppnlem-1	Endothelial Cells	8594.6044921875	291.3246765136719	18.0	6.0	0.6841065168404427	0.6122961576274708	3	2	3	0.7522682469212009
iobieggi-1	Endothelial Cells	5385.30078125	1969.5867919921875	41.0	9.0	0.8684045285897042	0.7245267751622539	4	4	3	0.7520763225135838
kfoebadb-1	Endothelial Cells	9013.166015625	1762.8411865234375	12.0	5.0	0.5959364698065137	0.5637914160289369	2	2	2	0.7517577298897511
jbnljlci-1	Endothelial Cells	6612.94482421875	2114.530029296875	18.0	3.0	0.6841065168404427	0.4362085839710631	1	1	1	0.7512564213050273
jbnmbmkh-1	Endothelial Cells	6624.77294921875	2109.63232421875	34.0	8.0	0.8260442127381088	0.6913742480868107	1	1	1	0.7512564213050273
haiplbeb-1	Endothelial Cells	4745.73779296875	4747.541015625	24.0	4.0	0.7478687601520222	0.5064224831767222	2	2	2	0.746369954195734
melgdjab-1	Endothelial Cells	8319.7041015625	3804.813720703125	28.0	6.0	0.7823524405574647	0.6122961576274708	3	2	3	0.7444985772403349
kfogelof-1	Endothelial Cells	8986.3310546875	1748.31494140625	26.0	6.0	0.765749772513486	0.6122961576274708	1	1	1	0.7439921172134728
kfogplnd-1	Endothelial Cells	8997.037109375	1742.3294677734375	19.0	4.0	0.6960239235889	0.5064224831767222	1	1	1	0.7439921172134728
hbefimbi-1	Endothelial Cells	3491.6708984375	4936.1708984375	25.0	3.0	0.7569812415629582	0.4362085839710631	1	1	1	0.7436367376236193
hbdopcop-1	Endothelial Cells	3508.822509765625	4935.35986328125	24.0	7.0	0.7478687601520222	0.6543128759565946	1	1	1	0.7436367376236193
kmllokio-1	Endothelial Cells	7718.8037109375	2403.16357421875	14.0	6.0	0.6291843042471731	0.6122961576274708	2	2	2	0.7434949740640759
lddcgdfc-1	Endothelial Cells	8928.5546875	1071.2677001953125	28.0	7.0	0.7823524405574647	0.6543128759565946	2	2	2	0.7433439483699839
kgmjppae-1	Endothelial Cells	9277.5654296875	1790.219970703125	40.0	5.0	0.8628057397570006	0.5637914160289369	2	1	2	0.7395891631431758
ijbceekj-1	Endothelial Cells	5684.138671875	3210.560546875	37.0	6.0	0.8451512885968872	0.6122961576274708	1	1	1	0.7380077753766033
ohkohmpf-1	Endothelial Cells	5681.95556640625	3198.169921875	20.0	3.0	0.7073597568332597	0.4362085839710631	1	1	1	0.7380077753766033
haipjolo-1	Endothelial Cells	4719.94384765625	4751.71826171875	19.0	7.0	0.6960239235889	0.6543128759565946	3	3	3	0.7340161539542519
nbcjkcif-1	Endothelial Cells	7298.93505859375	3517.500732421875	11.0	4.0	0.5773394676840509	0.5064224831767222	1	1	1	0.7337244585419933
nbcjodmf-1	Endothelial Cells	7312.96826171875	3516.192138671875	27.0	8.0	0.7741993761749866	0.6913742480868107	1	1	1	0.7337244585419933
kfpfmpkd-1	Endothelial Cells	9153.037109375	1727.4600830078125	52.0	6.0	0.9224516422441998	0.6122961576274708	3	1	3	0.7331202871150708
lokkolcn-1	Endothelial Cells	9294.0595703125	2835.478271484375	14.0	5.0	0.6291843042471731	0.5637914160289369	1	1	1	0.7320866292524213
eedlpjjg-1	Endothelial Cells	3724.15380859375	3714.068359375	26.0	6.0	0.765749772513486	0.6122961576274708	1	1	1	0.730033307000759
ibommkmc-1	Endothelial Cells	1663.872802734375	3102.88671875	33.0	8.0	0.8193092920885532	0.6913742480868107	1	1	1	0.7284551471613812
famdapej-1	Endothelial Cells	4781.166015625	3079.90966796875	27.0	7.0	0.7741993761749866	0.6543128759565946	4	3	4	0.7282220719508518
kgmcdpee-1	Endothelial Cells	9262.1513671875	1809.8719482421875	10.0	9.0	0.5571233754304706	0.7245267751622539	3	2	2	0.7272312803439323
ilmgoiph-1	Endothelial Cells	6352.5263671875	1834.2813720703125	23.0	2.0	0.7383842394404954	0.34568712404340535	1	1	0	0.7271542186648516
ilmhodin-1	Endothelial Cells	6368.42333984375	1836.834716796875	33.0	8.0	0.8193092920885532	0.6913742480868107	1	0	1	0.7271542186648516
kfpfiplb-1	Endothelial Cells	9167.861328125	1727.608642578125	33.0	5.0	0.8193092920885532	0.5637914160289369	2	1	2	0.7259455997816642
lkoadohl-1	Endothelial Cells	8482.6689453125	3043.79736328125	21.0	4.0	0.7181681471869151	0.5064224831767222	4	4	4	0.72576051392399
haiplijg-1	Endothelial Cells	4729.9384765625	4766.13427734375	34.0	4.0	0.8260442127381088	0.5064224831767222	3	3	3	0.7251640889944546
jhbjflpl-1	Endothelial Cells	5816.59521484375	611.3679809570312	17.0	5.0	0.6715446200987684	0.5637914160289369	2	2	2	0.7231852603909242
jflefkbm-1	Endothelial Cells	6640.58935546875	987.3561401367188	22.0	5.0	0.7284960027393369	0.5637914160289369	2	2	1	0.7231212082598617
ekngokof-1	Endothelial Cells	5122.66455078125	2018.6116943359373	29.0	8.0	0.7902290760036176	0.6913742480868107	2	1	2	0.7222653381757261
falplamg-1	Endothelial Cells	4773.419921875	3062.237548828125	31.0	4.0	0.8052238587822221	0.5064224831767222	4	4	4	0.719555692890599
cpmlmmhc-1	Endothelial Cells	1142.22607421875	1808.8292236328125	21.0	5.0	0.7181681471869151	0.5637914160289369	2	1	2	0.7168416022577738
ldcmmfjp-1	Endothelial Cells	8949.6962890625	1146.72314453125	11.0	6.0	0.5773394676840509	0.6122961576274708	4	3	3	0.7165425671953082
lkhilbai-1	Endothelial Cells	8809.0439453125	2966.2841796875	23.0	6.0	0.7383842394404954	0.6122961576274708	2	1	1	0.7159197752159373
lgoljpna-1	Endothelial Cells	8466.0048828125	3055.91015625	23.0	7.0	0.7383842394404954	0.6543128759565946	2	2	2	0.7138862352860893
jbmfkccj-1	Endothelial Cells	6437.8408203125	2231.2646484375	18.0	3.0	0.6841065168404427	0.4362085839710631	2	1	2	0.7119861674111959
lbdollhl-1	Endothelial Cells	9120.380859375	859.601318359375	30.0	10.0	0.7978474140428734	0.7545168838552492	3	1	3	0.7116675812736846
fakckafj-1	Endothelial Cells	4694.19189453125	3008.119140625	23.0	10.0	0.7383842394404954	0.7545168838552492	3	2	3	0.7114949767202835
lhibmnbb-1	Endothelial Cells	7745.06201171875	3535.909912109375	17.0	7.0	0.6715446200987684	0.6543128759565946	1	1	1	0.7111174652431926
lmmgiipm-1	Endothelial Cells	9611.13671875	3328.58251953125	31.0	6.0	0.8052238587822221	0.6122961576274708	2	2	2	0.7090170992215145
kfomklgf-1	Endothelial Cells	9099.544921875	1728.091064453125	10.0	2.0	0.5571233754304706	0.34568712404340535	3	3	0	0.7089968112081696
lddbnfkd-1	Endothelial Cells	8924.1826171875	1054.62451171875	17.0	6.0	0.6715446200987684	0.6122961576274708	4	3	4	0.7084159309382183
oaaigmcp-1	Endothelial Cells	6198.02783203125	3823.30419921875	35.0	5.0	0.8325893918552129	0.5637914160289369	5	3	5	0.707306139900404
jfldlkan-1	Endothelial Cells	6639.693359375	965.4771728515624	12.0	10.0	0.5959364698065137	0.7545168838552492	3	3	2	0.7068455075343243
ldjnfnpo-1	Endothelial Cells	8973.9052734375	827.1959838867188	33.0	6.0	0.8193092920885532	0.6122961576274708	1	1	0	0.7061522737290612
gpdabegd-1	Endothelial Cells	5570.59765625	4963.5703125	34.0	8.0	0.8260442127381088	0.6913742480868107	2	1	2	0.7057540142676908
kokmafph-1	Endothelial Cells	8934.298828125	2534.3828125	24.0	5.0	0.7478687601520222	0.5637914160289369	3	2	2	0.705642213590154
kgmbgoci-1	Endothelial Cells	9254.7099609375	1830.714599609375	5.0	11.0	0.41629469592760643	0.7818957080144684	1	0	1	0.7052957855940715
kokmolmj-1	Endothelial Cells	8939.5029296875	2548.03076171875	14.0	7.0	0.6291843042471731	0.6543128759565946	3	2	2	0.7047826101847382
kfbajjgn-1	Endothelial Cells	9838.044921875	2469.6025390625	29.0	6.0	0.7902290760036176	0.6122961576274708	1	1	1	0.7044749062733826
kcplbkfi-1	Endothelial Cells	9427.1552734375	1573.404052734375	17.0	5.0	0.6715446200987684	0.5637914160289369	3	3	3	0.703401047573185
fgjofeon-1	Endothelial Cells	4753.46435546875	3557.998779296875	33.0	5.0	0.8193092920885532	0.5637914160289369	2	1	1	0.7031643626175639
iaaaekdj-1	Endothelial Cells	1034.7998046875	4774.56982421875	39.0	4.0	0.8570686953453444	0.5064224831767222	1	0	1	0.7030360226983274
mokpfjdf-1	Endothelial Cells	5265.97021484375	4415.689453125	39.0	6.0	0.8570686953453444	0.6122961576274708	5	3	5	0.7024515921920499
ldcmcioi-1	Endothelial Cells	8968.6806640625	1162.1444091796875	26.0	4.0	0.765749772513486	0.5064224831767222	2	1	1	0.7019904946372082
fninaleg-1	Endothelial Cells	3992.409423828125	1738.760498046875	25.0	5.0	0.7569812415629582	0.5637914160289369	2	1	1	0.7019193128160597
lkmpdhpl-1	Endothelial Cells	8670.068359375	2964.93798828125	37.0	7.0	0.8451512885968872	0.6543128759565946	3	2	2	0.7019096699014425
kfpheanp-1	Endothelial Cells	9140.115234375	1775.374755859375	18.0	8.0	0.6841065168404427	0.6913742480868107	2	0	2	0.7017243011360799
jhbiddmn-1	Endothelial Cells	5828.9208984375	604.4892578125	29.0	3.0	0.7902290760036176	0.4362085839710631	4	3	4	0.7001068788013098
ckoaggpe-1	Endothelial Cells	2439.4228515625	1796.5601806640625	20.0	12.0	0.7073597568332597	0.8070817847603028	3	1	3	0.6999869708288785
cpnhccca-1	Endothelial Cells	1156.8548583984375	1824.9215087890625	25.0	6.0	0.7569812415629582	0.6122961576274708	3	1	3	0.6995924062548788
knjdfmbb-1	Endothelial Cells	8310.705078125	2275.260986328125	38.0	6.0	0.8511863939776757	0.6122961576274708	5	3	4	0.698984793005523
faminnbf-1	Endothelial Cells	4770.12841796875	3076.4755859375	29.0	4.0	0.7902290760036176	0.5064224831767222	4	3	4	0.6985399921013579
jhcecmgc-1	Endothelial Cells	5849.982421875	578.9120483398438	21.0	5.0	0.7181681471869151	0.5637914160289369	2	1	2	0.6983806428667746
kcknjcee-1	Endothelial Cells	9547.6962890625	1913.4788818359373	22.0	6.0	0.7284960027393369	0.6122961576274708	3	2	3	0.6976602739928632
kfnbmkal-1	Endothelial Cells	9060.32421875	1721.37353515625	21.0	11.0	0.7181681471869151	0.7818957080144684	3	1	3	0.6976126965467491
ofkccdep-1	Endothelial Cells	7903.8056640625	1910.6768798828125	13.0	6.0	0.6131546044185421	0.6122961576274708	2	2	2	0.6975626695885618
knjdcmam-1	Endothelial Cells	8296.7802734375	2261.133056640625	24.0	9.0	0.7478687601520222	0.7245267751622539	4	3	3	0.6972382446280885
lmeafgcf-1	Endothelial Cells	9860.8076171875	3595.3544921875	28.0	10.0	0.7823524405574647	0.7545168838552492	4	2	3	0.6971876094302243
ggfodfla-1	Endothelial Cells	2669.776123046875	4477.44580078125	16.0	3.0	0.6582645203321088	0.4362085839710631	1	1	1	0.6967595709299996
ggfnnbgc-1	Endothelial Cells	2683.089599609375	4474.25732421875	21.0	6.0	0.7181681471869151	0.6122961576274708	1	1	1	0.6967595709299996
mollicdm-1	Endothelial Cells	5302.12255859375	4544.54296875	27.0	3.0	0.7741993761749866	0.4362085839710631	3	2	3	0.694156779418861
lcdjalee-1	Endothelial Cells	9076.650390625	1262.630126953125	28.0	5.0	0.7823524405574647	0.5637914160289369	3	2	3	0.6936444653317225
mfbkllfp-1	Endothelial Cells	8307.1201171875	3910.53857421875	21.0	3.0	0.7181681471869151	0.4362085839710631	1	1	1	0.6925332610952671
iobiamnd-1	Endothelial Cells	5388.1396484375	1952.870849609375	15.0	6.0	0.6441790870257778	0.6122961576274708	5	4	4	0.6914977216146043
kfojlpec-1	Endothelial Cells	9091.5498046875	1764.6878662109375	9.0	5.0	0.5349791518324556	0.5637914160289369	2	1	2	0.6891176698622091
iphojhig-1	Endothelial Cells	6710.1044921875	2305.081787109375	17.0	8.0	0.6715446200987684	0.6913742480868107	4	2	3	0.6889652745564627
gpbfcean-1	Endothelial Cells	5567.015625	4991.07666015625	16.0	4.0	0.6582645203321088	0.5064224831767222	2	1	2	0.6884646690982975
kdbgijkg-1	Endothelial Cells	9460.5361328125	1494.638427734375	19.0	8.0	0.6960239235889	0.6913742480868107	2	1	2	0.6881215804133859
eofmbklk-1	Endothelial Cells	4652.84130859375	1441.6875	10.0	9.0	0.5571233754304706	0.7245267751622539	2	2	2	0.6873753632169596
mokpcnfp-1	Endothelial Cells	5237.61865234375	4420.05078125	6.0	5.0	0.4521098326620977	0.5637914160289369	2	2	2	0.685728841310396
lnendlap-1	Endothelial Cells	9583.490234375	3325.006591796875	11.0	9.0	0.5773394676840509	0.7245267751622539	3	2	3	0.6845255649507181
knjdlmhp-1	Endothelial Cells	8300.6943359375	2279.332763671875	17.0	6.0	0.6715446200987684	0.6122961576274708	4	3	3	0.682544692482433
kfphdlmc-1	Endothelial Cells	9144.2763671875	1750.367919921875	23.0	2.0	0.7383842394404954	0.34568712404340535	4	3	0	0.6820089869268687
lmmebepc-1	Endothelial Cells	9598.7373046875	3344.916259765625	17.0	3.0	0.6715446200987684	0.4362085839710631	3	3	3	0.6802990309604691
hfnklfca-1	Endothelial Cells	3741.25244140625	4908.12255859375	11.0	4.0	0.5773394676840509	0.5064224831767222	1	1	1	0.6799338766889709
lgmdbopk-1	Endothelial Cells	8469.15625	3064.107177734375	8.0	3.0	0.510499848342324	0.4362085839710631	2	2	2	0.6797317794933991
ljbapdlf-1	Endothelial Cells	8135.759765625	3396.887939453125	17.0	8.0	0.6715446200987684	0.6913742480868107	3	2	2	0.6783588955308841
lnfpihfa-1	Endothelial Cells	9446.3740234375	3432.550537109375	58.0	23.0	0.947368907209112	1.0	2	1	1	0.6782105450647269
klkblhdo-1	Endothelial Cells	7811.60546875	1769.970947265625	23.0	8.0	0.7383842394404954	0.6913742480868107	2	1	2	0.678073618876583
kfmkkfhm-1	Endothelial Cells	9185.8857421875	1709.1566162109375	21.0	3.0	0.7181681471869151	0.4362085839710631	3	2	3	0.677046506264923
iobgonhe-1	Endothelial Cells	5368.13720703125	1970.6505126953125	25.0	5.0	0.7569812415629582	0.5637914160289369	4	3	3	0.6757567665524861
eedmdcfb-1	Endothelial Cells	3717.161865234375	3728.614990234375	11.0	5.0	0.5773394676840509	0.5637914160289369	1	1	1	0.6736840180321371
kgmjnmkd-1	Endothelial Cells	9267.2578125	1799.3333740234375	17.0	2.0	0.6715446200987684	0.34568712404340535	2	2	0	0.6725789426015618
gggjlcjl-1	Endothelial Cells	2697.67431640625	4418.76318359375	17.0	5.0	0.6715446200987684	0.5637914160289369	3	2	3	0.6725789303115142
bdcnfbge-1	Endothelial Cells	2426.038818359375	1815.9989013671875	9.0	2.0	0.5349791518324556	0.34568712404340535	1	1	0	0.6716892038160913
lokjaahe-1	Endothelial Cells	9301.703125	2868.233642578125	31.0	6.0	0.8052238587822221	0.6122961576274708	3	2	2	0.6698177306758776
kbjjjacn-1	Endothelial Cells	8000.72265625	484.1808776855469	12.0	6.0	0.5959364698065137	0.6122961576274708	1	1	1	0.6695702271469788
kbjjkafo-1	Endothelial Cells	8003.5517578125	477.472900390625	7.0	6.0	0.48313431526933326	0.6122961576274708	1	1	1	0.6695702271469788
lkhnhoip-1	Endothelial Cells	8833.796875	2949.160888671875	23.0	3.0	0.7383842394404954	0.4362085839710631	2	1	2	0.6693564665446751
ldchfafn-1	Endothelial Cells	8917.5830078125	1039.9444580078125	10.0	5.0	0.5571233754304706	0.5637914160289369	2	1	2	0.6690252341056983
jbmnlkdi-1	Endothelial Cells	6691.2744140625	2150.08740234375	18.0	2.0	0.6841065168404427	0.34568712404340535	1	1	0	0.6684702572037567
jbmojmhe-1	Endothelial Cells	6696.646484375	2143.56005859375	16.0	7.0	0.6582645203321088	0.6543128759565946	1	0	1	0.6684702572037567
jhcfpdco-1	Endothelial Cells	5800.04345703125	585.60400390625	27.0	4.0	0.7741993761749866	0.5064224831767222	5	4	5	0.6673309134644885
jhcedmop-1	Endothelial Cells	5845.92236328125	593.1140747070312	29.0	2.0	0.7902290760036176	0.34568712404340535	3	3	0	0.6666794979086886
mmpcjepl-1	Endothelial Cells	5558.25146484375	4539.68212890625	19.0	5.0	0.6960239235889	0.5637914160289369	4	2	4	0.6661248907146696
ogfdklgk-1	Endothelial Cells	9836.9384765625	3555.72216796875	10.0	6.0	0.5571233754304706	0.6122961576274708	4	3	3	0.6653476433991097
kfmldpoa-1	Endothelial Cells	9193.7138671875	1717.369384765625	45.0	6.0	0.8895407744957814	0.6122961576274708	3	1	2	0.6633241326917232
molklleh-1	Endothelial Cells	5248.67529296875	4554.78076171875	34.0	5.0	0.8260442127381088	0.5637914160289369	1	0	1	0.6631905906799969
lcpchgpo-1	Endothelial Cells	8811.3583984375	336.7460632324219	19.0	3.0	0.6960239235889	0.4362085839710631	1	1	1	0.6627623973189335
lcpcglmd-1	Endothelial Cells	8826.1611328125	326.09521484375	12.0	5.0	0.5959364698065137	0.5637914160289369	1	1	1	0.6627623973189335
kgmekcgm-1	Endothelial Cells	9269.734375	1850.8524169921875	15.0	3.0	0.6441790870257778	0.4362085839710631	1	1	0	0.6625036638123153
eoldlmon-1	Endothelial Cells	5189.2978515625	1243.1658935546875	11.0	5.0	0.5773394676840509	0.5637914160289369	2	2	2	0.6608696584566054
ldjofklp-1	Endothelial Cells	8927.0673828125	842.0932006835938	22.0	7.0	0.7284960027393369	0.6543128759565946	3	1	3	0.6607254500229751
giklklkc-1	Endothelial Cells	2660.29931640625	2931.72900390625	20.0	9.0	0.7073597568332597	0.7245267751622539	3	1	3	0.6605233696212008
inpidbfe-1	Endothelial Cells	5455.29736328125	1938.4261474609373	17.0	7.0	0.6715446200987684	0.6543128759565946	5	3	3	0.6590144748522057
enhanhok-1	Endothelial Cells	5807.9501953125	1521.8212890625	8.0	7.0	0.510499848342324	0.6543128759565946	2	1	2	0.658479795573357
mamhbhep-1	Endothelial Cells	9112.521484375	5346.29931640625	19.0	3.0	0.6960239235889	0.4362085839710631	1	1	1	0.6580854800108423
mamgnopo-1	Endothelial Cells	9104.5712890625	5350.537109375	11.0	5.0	0.5773394676840509	0.5637914160289369	1	1	1	0.6580854800108423
fcalogbo-1	Endothelial Cells	5231.7646484375	4398.04638671875	34.0	3.0	0.8260442127381088	0.4362085839710631	1	1	1	0.657068902923614
lmmeohbf-1	Endothelial Cells	9619.0244140625	3339.2255859375	12.0	3.0	0.5959364698065137	0.4362085839710631	2	2	2	0.6570417049042052
famaibgg-1	Endothelial Cells	4757.33935546875	3065.994384765625	11.0	3.0	0.5773394676840509	0.4362085839710631	4	4	4	0.6557622295864437
gggklkkn-1	Endothelial Cells	2707.340576171875	4395.3505859375	16.0	5.0	0.6582645203321088	0.5637914160289369	4	2	4	0.6548827521687288
lcdjpkak-1	Endothelial Cells	9065.30859375	1259.2366943359375	22.0	4.0	0.7284960027393369	0.5064224831767222	2	1	2	0.6535165199313825
ldcikein-1	Endothelial Cells	8909.3330078125	1049.280029296875	23.0	2.0	0.7383842394404954	0.34568712404340535	2	2	0	0.6531325137969842
kfphegnm-1	Endothelial Cells	9155.208984375	1756.770263671875	24.0	2.0	0.7478687601520222	0.34568712404340535	2	1	0	0.6524371211560438
jhboedom-1	Endothelial Cells	5800.7197265625	617.074462890625	25.0	5.0	0.7569812415629582	0.5637914160289369	3	1	3	0.6518214561891479
inphopln-1	Endothelial Cells	5469.25390625	1906.812744140625	28.0	6.0	0.7823524405574647	0.6122961576274708	3	2	1	0.6514383467159738
ckoaghli-1	Endothelial Cells	2453.5947265625	1779.2939453125	11.0	3.0	0.5773394676840509	0.4362085839710631	2	1	2	0.6513833587339742
jhcaegjo-1	Endothelial Cells	5750.73876953125	629.2925415039062	14.0	9.0	0.6291843042471731	0.7245267751622539	3	1	3	0.6505325245835455
ggeejigh-1	Endothelial Cells	2749.066650390625	4569.0087890625	17.0	7.0	0.6715446200987684	0.6543128759565946	4	1	4	0.6502027430918402
melgpjfm-1	Endothelial Cells	8312.9072265625	3799.550537109375	9.0	7.0	0.5349791518324556	0.6543128759565946	2	1	2	0.6501951145104441
lddaeecl-1	Endothelial Cells	8910.294921875	1066.408203125	10.0	3.0	0.5571233754304706	0.4362085839710631	3	2	3	0.6484706695124128
ljbcghco-1	Endothelial Cells	8129.31201171875	3378.81494140625	10.0	6.0	0.5571233754304706	0.6122961576274708	3	2	2	0.6483004086230729
igdondbl-1	Endothelial Cells	535.66015625	5303.2373046875	8.0	15.0	0.510499848342324	0.8724171679421262	3	1	3	0.6479611347298477
ljbellpm-1	Endothelial Cells	8157.72900390625	3399.658935546875	7.0	8.0	0.48313431526933326	0.6913742480868107	3	2	2	0.6478729381041215
fnipdmib-1	Endothelial Cells	3993.8076171875	1755.2171630859375	17.0	12.0	0.6715446200987684	0.8070817847603028	3	1	2	0.647525427106065
elbggaji-1	Endothelial Cells	5109.56103515625	1993.5479736328125	9.0	2.0	0.5349791518324556	0.34568712404340535	1	1	0	0.6474309206433052
lmeaagnp-1	Endothelial Cells	9852.4912109375	3577.7607421875	17.0	3.0	0.6715446200987684	0.4362085839710631	4	3	3	0.6467803817663019
jmggemog-1	Endothelial Cells	8456.6650390625	155.37115478515625	12.0	6.0	0.5959364698065137	0.6122961576274708	2	1	2	0.6461986210142655
mdkmpbko-1	Endothelial Cells	9419.0625	4583.3525390625	8.0	5.0	0.510499848342324	0.5637914160289369	1	1	1	0.6456876141386897
mdkjomcb-1	Endothelial Cells	9403.72265625	4591.462890625	11.0	5.0	0.5773394676840509	0.5637914160289369	1	1	1	0.6456876141386897
lmeaepka-1	Endothelial Cells	9818.916015625	3537.15625	13.0	3.0	0.6131546044185421	0.4362085839710631	1	1	1	0.6449225309159179
jflekfeh-1	Endothelial Cells	6659.45166015625	975.1875610351562	5.0	6.0	0.41629469592760643	0.6122961576274708	3	0	3	0.6447212905877219
icgmhpei-1	Endothelial Cells	1761.7955322265625	3144.193603515625	16.0	2.0	0.6582645203321088	0.34568712404340535	1	1	0	0.6437538810211881
ichaehmk-1	Endothelial Cells	1747.320556640625	3160.538818359375	20.0	5.0	0.7073597568332597	0.5637914160289369	1	0	1	0.6437538810211881
hgnnigmf-1	Endothelial Cells	4147.20458984375	5345.43603515625	17.0	7.0	0.6715446200987684	0.6543128759565946	2	1	2	0.6435732337337217
jmgfekcc-1	Endothelial Cells	8471.0869140625	169.68397521972656	20.0	4.0	0.7073597568332597	0.5064224831767222	2	1	2	0.6429431266721285
gfecbcch-1	Endothelial Cells	3752.033203125	4875.32275390625	15.0	6.0	0.6441790870257778	0.6122961576274708	2	1	2	0.6424246764560247
kcpippop-1	Endothelial Cells	9449.2060546875	1571.6068115234375	10.0	7.0	0.5571233754304706	0.6543128759565946	6	3	5	0.6418981392002481
hpplakbd-1	Endothelial Cells	1038.3292236328125	4759.63037109375	40.0	2.0	0.8628057397570006	0.34568712404340535	2	1	0	0.6412996662674499
kfapiano-1	Endothelial Cells	9849.9453125	2472.45751953125	14.0	3.0	0.6291843042471731	0.4362085839710631	2	1	2	0.6409106663637886
emchhial-1	Endothelial Cells	5174.07373046875	1222.65185546875	11.0	3.0	0.5773394676840509	0.4362085839710631	2	2	2	0.6403288880907975
boajjohd-1	Endothelial Cells	9799.6455078125	4088.252685546875	12.0	5.0	0.5959364698065137	0.5637914160289369	1	1	1	0.6403221575921664
kcknjpki-1	Endothelial Cells	9536.3828125	1928.875244140625	25.0	4.0	0.7569812415629582	0.5064224831767222	4	1	4	0.6397344100541834
ckobgmnp-1	Endothelial Cells	2466.345703125	1778.0128173828125	14.0	2.0	0.6291843042471731	0.34568712404340535	2	2	0	0.639631943274359
lbdpognd-1	Endothelial Cells	9092.3330078125	890.1806030273438	13.0	6.0	0.6131546044185421	0.6122961576274708	5	2	5	0.6393435815457178
ehcdhbdd-1	Endothelial Cells	4717.80419921875	283.66778564453125	13.0	6.0	0.6131546044185421	0.6122961576274708	2	1	2	0.6390733644867179
ffcoialf-1	Endothelial Cells	5187.5712890625	3240.62255859375	24.0	11.0	0.7478687601520222	0.7818957080144684	3	1	2	0.6373990537975522
jbepfobp-1	Endothelial Cells	7135.1025390625	2259.604736328125	16.0	4.0	0.6582645203321088	0.5064224831767222	1	1	0	0.6366127188765528
jkkpejpi-1	Endothelial Cells	5821.91455078125	1511.8275146484375	18.0	5.0	0.6841065168404427	0.5637914160289369	3	1	2	0.6351246910639866
kdcfdmdl-1	Endothelial Cells	9075.2880859375	2675.5625	14.0	3.0	0.6291843042471731	0.4362085839710631	2	2	2	0.6322799312137486
lhjkhghe-1	Endothelial Cells	8231.166015625	3671.519287109375	14.0	9.0	0.6291843042471731	0.7245267751622539	3	2	1	0.6309162470775749
jfleafbf-1	Endothelial Cells	6666.85009765625	955.2899780273438	6.0	4.0	0.4521098326620977	0.5064224831767222	3	3	2	0.6307932318680671
klmjipkb-1	Endothelial Cells	7885.53369140625	1924.611328125	14.0	5.0	0.6291843042471731	0.5637914160289369	2	1	2	0.6307371499581101
lhjhldkp-1	Endothelial Cells	8229.5888671875	3657.47314453125	22.0	6.0	0.7284960027393369	0.6122961576274708	3	2	1	0.630685766493058
lcpadaok-1	Endothelial Cells	8813.2099609375	272.0175170898437	23.0	4.0	0.7383842394404954	0.5064224831767222	1	1	0	0.6301519956778773
ldjifhld-1	Endothelial Cells	8818.9951171875	1015.7623901367188	17.0	7.0	0.6715446200987684	0.6543128759565946	4	1	4	0.6300946738594659
cplembdf-1	Endothelial Cells	1021.55810546875	1758.4954833984375	8.0	9.0	0.510499848342324	0.7245267751622539	4	1	4	0.6297685143088765
gigkkdjd-1	Endothelial Cells	2679.78857421875	3162.377197265625	17.0	5.0	0.6715446200987684	0.5637914160289369	2	1	1	0.6296211736711249
ljbimbfd-1	Endothelial Cells	8118.791015625	3340.42578125	13.0	5.0	0.6131546044185421	0.5637914160289369	1	1	1	0.6285431912499319
kcknakdc-1	Endothelial Cells	9485.2841796875	1801.006591796875	15.0	4.0	0.6441790870257778	0.5064224831767222	3	2	3	0.6279990051911218
iobninbg-1	Endothelial Cells	5426.4765625	1956.7088623046875	8.0	5.0	0.510499848342324	0.5637914160289369	4	2	4	0.6276058177687905
gpdcdekj-1	Endothelial Cells	5595.583984375	4953.513671875	13.0	1.0	0.6131546044185421	0.21810429198553155	1	1	0	0.6273369182383266
ehcdebbp-1	Endothelial Cells	4702.21484375	284.1912536621094	14.0	4.0	0.6291843042471731	0.5064224831767222	2	1	2	0.6272259805206821
kdambfbe-1	Endothelial Cells	9442.5595703125	1439.7457275390625	14.0	13.0	0.6291843042471731	0.8304004496130023	3	1	2	0.6271178883981622
konhokff-1	Endothelial Cells	8725.263671875	2849.45263671875	12.0	6.0	0.5959364698065137	0.6122961576274708	2	1	1	0.6263942874642875
mfgkcccj-1	Endothelial Cells	7834.54052734375	4274.1728515625	25.0	8.0	0.7569812415629582	0.6913742480868107	1	0	1	0.6262507130978389
mfhbhmbe-1	Endothelial Cells	7818.95458984375	4257.55615234375	15.0	1.0	0.6441790870257778	0.21810429198553155	1	1	0	0.6262507130978389
fakdecoc-1	Endothelial Cells	4698.41162109375	3027.990966796875	13.0	3.0	0.6131546044185421	0.4362085839710631	2	1	2	0.6258852391087071
mmoaoddm-1	Endothelial Cells	5544.03515625	4529.78857421875	31.0	5.0	0.8052238587822221	0.5637914160289369	5	2	4	0.62552795345491
jfpfeemn-1	Endothelial Cells	6931.61767578125	883.331298828125	18.0	6.0	0.6841065168404427	0.6122961576274708	3	1	3	0.6250535845375118
kimejchi-1	Endothelial Cells	8421.73828125	1425.50732421875	31.0	6.0	0.8052238587822221	0.6122961576274708	1	0	1	0.6249692609627964
kimeedhg-1	Endothelial Cells	8433.314453125	1427.1214599609375	7.0	2.0	0.48313431526933326	0.34568712404340535	1	1	0	0.6249692609627964
npnnljmi-1	Endothelial Cells	6079.60107421875	3995.9052734375	15.0	1.0	0.6441790870257778	0.21810429198553155	1	1	0	0.6246524049463833
lcdgphgn-1	Endothelial Cells	9096.8984375	1281.498291015625	17.0	5.0	0.6715446200987684	0.5637914160289369	5	2	5	0.6244735379662693
hgnkmhni-1	Endothelial Cells	4154.67578125	5339.68359375	10.0	5.0	0.5571233754304706	0.5637914160289369	2	1	2	0.6242286516558602
gigjajhj-1	Endothelial Cells	2698.02783203125	3149.35986328125	10.0	6.0	0.5571233754304706	0.6122961576274708	2	1	1	0.623566279958486
mmnikdpo-1	Endothelial Cells	5490.54296875	4528.537109375	22.0	4.0	0.7284960027393369	0.5064224831767222	2	1	2	0.6230505383225867
mfdnofom-1	Endothelial Cells	8130.94873046875	4222.59033203125	15.0	5.0	0.6441790870257778	0.5637914160289369	1	0	1	0.6226343746434347
jobpedno-1	Endothelial Cells	8410.740234375	1299.9864501953125	9.0	3.0	0.5349791518324556	0.4362085839710631	1	1	1	0.6225018142505623
jnjfkikk-1	Endothelial Cells	8402.3583984375	1288.3248291015625	28.0	3.0	0.7823524405574647	0.4362085839710631	1	1	1	0.6225018142505623
kegndagm-1	Endothelial Cells	9251.677734375	2422.548095703125	12.0	4.0	0.5959364698065137	0.5064224831767222	1	1	1	0.6224062536451512
oaagndhl-1	Endothelial Cells	6210.470703125	3793.61181640625	23.0	3.0	0.7383842394404954	0.4362085839710631	3	2	3	0.622272530976186
jbmmkajk-1	Endothelial Cells	6674.76611328125	2141.15771484375	21.0	2.0	0.7181681471869151	0.34568712404340535	2	1	0	0.6215321728434595
klhlbnki-1	Endothelial Cells	8321.2900390625	2213.638671875	11.0	4.0	0.5773394676840509	0.5064224831767222	3	3	3	0.6212866180572001
dpmejope-1	Endothelial Cells	4202.900390625	3379.84521484375	11.0	3.0	0.5773394676840509	0.4362085839710631	1	1	1	0.6209540508001331
klhkfohi-1	Endothelial Cells	8304.4052734375	2200.614501953125	13.0	3.0	0.6131546044185421	0.4362085839710631	2	2	2	0.6209363872970466
ioncnfdo-1	Endothelial Cells	5868.9267578125	1917.1480712890625	15.0	1.0	0.6441790870257778	0.21810429198553155	1	1	0	0.620822768585055
ocdlecch-1	Endothelial Cells	3886.41455078125	1705.50048828125	11.0	3.0	0.5773394676840509	0.4362085839710631	1	1	1	0.620308453459897
kgdkalkl-1	Endothelial Cells	9495.4423828125	1998.015869140625	8.0	6.0	0.510499848342324	0.6122961576274708	3	1	3	0.6192777558969479
molobced-1	Endothelial Cells	5293.052734375	4442.8935546875	25.0	6.0	0.7569812415629582	0.6122961576274708	4	1	3	0.618766952120421
gggjlneh-1	Endothelial Cells	2684.806640625	4430.32373046875	11.0	3.0	0.5773394676840509	0.4362085839710631	2	1	2	0.618727713496024
kcpefnej-1	Endothelial Cells	9454.169921875	1589.6778564453125	27.0	1.0	0.7741993761749866	0.21810429198553155	1	1	0	0.6184552689172436
madmmldk-1	Endothelial Cells	8040.75244140625	5710.43212890625	24.0	4.0	0.7478687601520222	0.5064224831767222	1	0	1	0.6169946076288515
haalgidk-1	Endothelial Cells	5229.70166015625	4556.3212890625	15.0	2.0	0.6441790870257778	0.34568712404340535	2	2	0	0.6165987025085523
lkmdenfa-1	Endothelial Cells	8731.75390625	2942.767578125	35.0	4.0	0.8325893918552129	0.5064224831767222	1	0	1	0.6165122271109171
lkmgikee-1	Endothelial Cells	8724.603515625	2947.525146484375	9.0	2.0	0.5349791518324556	0.34568712404340535	1	1	0	0.6165122271109171
dmkfgaha-1	Endothelial Cells	4157.9482421875	3704.900390625	17.0	2.0	0.6715446200987684	0.34568712404340535	1	1	0	0.6153885417031641
kcocimkl-1	Endothelial Cells	9674.876953125	1625.5823974609375	9.0	1.0	0.5349791518324556	0.21810429198553155	1	1	0	0.6153140647288196
kcocbbmi-1	Endothelial Cells	9679.529296875	1609.993896484375	39.0	9.0	0.8570686953453444	0.7245267751622539	1	0	1	0.6153140647288196
ldkbmkff-1	Endothelial Cells	8963.2158203125	837.3859252929688	4.0	7.0	0.3739343800760111	0.6543128759565946	3	0	2	0.6151258910693993
kfcjmamj-1	Endothelial Cells	9871.130859375	2446.20654296875	12.0	2.0	0.5959364698065137	0.34568712404340535	2	2	0	0.6149208253870723
jbhnpnbo-1	Endothelial Cells	6700.34033203125	2292.373779296875	11.0	3.0	0.5773394676840509	0.4362085839710631	4	2	3	0.6146846211989017
kglnniaj-1	Endothelial Cells	9337.1044921875	1795.8797607421875	37.0	4.0	0.8451512885968872	0.5064224831767222	2	1	1	0.6145863067802002
kgdimdfg-1	Endothelial Cells	9532.41796875	1965.148681640625	23.0	5.0	0.7383842394404954	0.5637914160289369	2	0	2	0.6139232130544664
kgkmmgdi-1	Endothelial Cells	9212.095703125	1733.9744873046875	14.0	2.0	0.6291843042471731	0.34568712404340535	2	1	0	0.6138959288437642
kckjjlbb-1	Endothelial Cells	9460.18359375	1798.9600830078125	20.0	5.0	0.7073597568332597	0.5637914160289369	2	1	2	0.6122277888186598
famjciea-1	Endothelial Cells	4768.99658203125	3110.295166015625	7.0	2.0	0.48313431526933326	0.34568712404340535	2	2	0	0.6121586115771902
iodacpmi-1	Endothelial Cells	5408.37841796875	1939.007568359375	24.0	2.0	0.7478687601520222	0.34568712404340535	4	3	0	0.61192924524511
lbdolmdl-1	Endothelial Cells	9111.2861328125	869.361572265625	12.0	3.0	0.5959364698065137	0.4362085839710631	5	2	5	0.611743379285799
kfoehoeb-1	Endothelial Cells	9020.0234375	1783.6259765625	20.0	5.0	0.7073597568332597	0.5637914160289369	2	1	1	0.611706700932222
kcpjhmjh-1	Endothelial Cells	9449.3330078125	1559.9608154296875	9.0	6.0	0.5349791518324556	0.6122961576274708	5	2	3	0.6114007705800241
hlfojgde-1	Endothelial Cells	2703.777099609375	5208.12890625	14.0	4.0	0.6291843042471731	0.5064224831767222	3	2	3	0.6111500201515103
igdojbhm-1	Endothelial Cells	543.4341430664062	5313.3916015625	8.0	6.0	0.510499848342324	0.6122961576274708	3	1	3	0.6110969187672095
lbdopgja-1	Endothelial Cells	9104.2265625	880.9237060546875	8.0	5.0	0.510499848342324	0.5637914160289369	5	2	5	0.609148328182941
odafhedb-1	Endothelial Cells	2682.92822265625	5191.91162109375	13.0	4.0	0.6131546044185421	0.5064224831767222	3	2	3	0.6088093143563619
fikbdopp-1	Endothelial Cells	2878.40966796875	1371.7774658203125	14.0	6.0	0.6291843042471731	0.6122961576274708	2	1	2	0.6086362723865533
kgmcjkof-1	Endothelial Cells	9343.529296875	1854.385498046875	17.0	4.0	0.6715446200987684	0.5064224831767222	2	1	2	0.6084804155808115
oaaffilb-1	Endothelial Cells	6195.4736328125	3791.9501953125	12.0	5.0	0.5959364698065137	0.5637914160289369	3	1	3	0.607780102006052
klkamabc-1	Endothelial Cells	7800.6298828125	1792.7623291015625	12.0	3.0	0.5959364698065137	0.4362085839710631	3	1	3	0.6066035047336168
jhmmbfjk-1	Endothelial Cells	6325.96044921875	544.3154907226562	8.0	4.0	0.510499848342324	0.5064224831767222	2	2	2	0.6065304140310134
fhpeeddi-1	Endothelial Cells	4673.65576171875	3861.709716796875	18.0	15.0	0.6841065168404427	0.8724171679421262	2	0	1	0.6062622198846834
ldmgjmgk-1	Endothelial Cells	8741.734375	557.0426635742188	20.0	3.0	0.7073597568332597	0.4362085839710631	1	1	1	0.6057597654550587
epepifnd-1	Endothelial Cells	4628.810546875	1439.1893310546875	16.0	3.0	0.6582645203321088	0.4362085839710631	3	2	2	0.6050603014619566
eokpcecn-1	Endothelial Cells	5168.4453125	1233.3582763671875	7.0	10.0	0.48313431526933326	0.7545168838552492	3	2	3	0.6048561293497144
mcgchcdb-1	Endothelial Cells	9142.7841796875	5612.19970703125	12.0	1.0	0.5959364698065137	0.21810429198553155	1	1	0	0.6044146607745168
mombaklm-1	Endothelial Cells	5281.22607421875	4498.72802734375	13.0	4.0	0.6131546044185421	0.5064224831767222	2	0	2	0.6034645867286941
hlfpanjp-1	Endothelial Cells	2713.163330078125	5207.3701171875	11.0	4.0	0.5773394676840509	0.5064224831767222	3	2	3	0.6033717298803675
mhpljhgg-1	Endothelial Cells	9788.9189453125	4102.490234375	13.0	3.0	0.6131546044185421	0.4362085839710631	2	1	2	0.6030456957178759
lcgagonn-1	Endothelial Cells	9491.6650390625	1432.40234375	9.0	7.0	0.5349791518324556	0.6543128759565946	1	0	1	0.6029905288818559
dgdglkjl-1	Endothelial Cells	2664.26708984375	2903.336181640625	12.0	4.0	0.5959364698065137	0.5064224831767222	3	1	3	0.6028229729149648
mmoanpca-1	Endothelial Cells	5529.6552734375	4521.32958984375	12.0	4.0	0.5959364698065137	0.5064224831767222	3	2	2	0.6027316447412175
ofedifmc-1	Endothelial Cells	9471.013671875	1738.08447265625	17.0	5.0	0.6715446200987684	0.5637914160289369	5	2	4	0.6026935311501761
eogpdhmg-1	Endothelial Cells	4654.81689453125	1430.6737060546875	8.0	5.0	0.510499848342324	0.5637914160289369	3	2	2	0.6019479712000364
cplghbfp-1	Endothelial Cells	1011.3049926757812	1765.579345703125	14.0	3.0	0.6291843042471731	0.4362085839710631	3	2	2	0.6015973517828626
mcdfloep-1	Endothelial Cells	8599.46484375	4690.27978515625	11.0	2.0	0.5773394676840509	0.34568712404340535	1	1	0	0.6014911272230345
mcdglmln-1	Endothelial Cells	8611.00390625	4688.2548828125	19.0	4.0	0.6960239235889	0.5064224831767222	1	0	1	0.6014911272230345
kcpgbdei-1	Endothelial Cells	9429.10546875	1555.1669921875	15.0	6.0	0.6441790870257778	0.6122961576274708	4	1	2	0.6013535194672714
kcigclfj-1	Endothelial Cells	9519.439453125	1946.7069091796875	18.0	2.0	0.6841065168404427	0.34568712404340535	3	2	0	0.601193075461112
iobobnfg-1	Endothelial Cells	5399.93896484375	1966.234619140625	7.0	3.0	0.48313431526933326	0.4362085839710631	4	4	3	0.600610671434019
jlinpeod-1	Endothelial Cells	8708.615234375	516.2507934570312	3.0	5.0	0.3220895435128889	0.5637914160289369	1	0	1	0.6000594979647093
jllegkal-1	Endothelial Cells	8715.5517578125	505.3414916992188	15.0	5.0	0.6441790870257778	0.5637914160289369	1	1	0	0.6000594979647093
nllfpgko-1	Endothelial Cells	6492.6904296875	4003.263671875	23.0	5.0	0.7383842394404954	0.5637914160289369	5	2	5	0.599657462937627
haiohiif-1	Endothelial Cells	4707.4228515625	4774.1552734375	6.0	4.0	0.4521098326620977	0.5064224831767222	3	2	2	0.599527128438337
hhfbaaoa-1	Endothelial Cells	1886.9730224609373	5323.04345703125	11.0	2.0	0.5773394676840509	0.34568712404340535	1	1	0	0.5990918540489939
hhfcghao-1	Endothelial Cells	1888.1622314453125	5306.91357421875	6.0	8.0	0.4521098326620977	0.6913742480868107	1	0	1	0.5990918540489939
iplpbiof-1	Endothelial Cells	6874.8134765625	2757.83154296875	15.0	4.0	0.6441790870257778	0.5064224831767222	2	1	1	0.5988912036134201
lbeahnap-1	Endothelial Cells	9100.39453125	874.0526733398438	14.0	2.0	0.6291843042471731	0.34568712404340535	6	4	0	0.5977857373795463
fnjfjoie-1	Endothelial Cells	4065.500244140625	1744.742431640625	17.0	10.0	0.6715446200987684	0.7545168838552492	3	1	2	0.5976774933039819
ggegampf-1	Endothelial Cells	2748.48291015625	4596.59521484375	19.0	4.0	0.6960239235889	0.5064224831767222	4	1	3	0.5970876132246274
ipemchcc-1	Endothelial Cells	6416.70166015625	2477.646240234375	28.0	2.0	0.7823524405574647	0.34568712404340535	2	1	0	0.5965611742867691
epfbhnob-1	Endothelial Cells	4596.96484375	1377.12109375	15.0	3.0	0.6441790870257778	0.4362085839710631	2	2	2	0.5962419639503059
mcibdiac-1	Endothelial Cells	9125.0048828125	5032.509765625	18.0	3.0	0.6841065168404427	0.4362085839710631	1	0	1	0.5961938370838661
mnionpll-1	Endothelial Cells	5847.685546875	5743.72998046875	11.0	3.0	0.5773394676840509	0.4362085839710631	2	2	2	0.595899680765552
kbjojclh-1	Endothelial Cells	8061.6533203125	430.7491455078125	14.0	4.0	0.6291843042471731	0.5064224831767222	2	1	1	0.5954029787951065
ldjckfmi-1	Endothelial Cells	8810.6337890625	994.7285766601562	14.0	4.0	0.6291843042471731	0.5064224831767222	4	1	4	0.5952107006102744
jhcfmoil-1	Endothelial Cells	5776.55224609375	595.63037109375	12.0	4.0	0.5959364698065137	0.5064224831767222	6	3	6	0.5951515168063968
fgjlmpee-1	Endothelial Cells	4732.34423828125	3533.50341796875	21.0	7.0	0.7181681471869151	0.6543128759565946	1	0	0	0.5950339188397535
fgjmelak-1	Endothelial Cells	4718.33984375	3544.033935546875	5.0	2.0	0.41629469592760643	0.34568712404340535	1	0	0	0.5950339188397535
ibibfkie-1	Endothelial Cells	1140.3992919921875	4208.103515625	19.0	3.0	0.6960239235889	0.4362085839710631	1	1	0	0.594842550178458
foibnmfh-1	Endothelial Cells	3779.295654296875	1991.0570068359373	30.0	4.0	0.7978474140428734	0.5064224831767222	4	1	3	0.5947291443571395
mnipblga-1	Endothelial Cells	5840.28564453125	5727.298828125	7.0	4.0	0.48313431526933326	0.5064224831767222	2	2	2	0.5937171402531916
momappkb-1	Endothelial Cells	5300.1591796875	4487.1884765625	31.0	2.0	0.8052238587822221	0.34568712404340535	2	1	0	0.5936790869083489
epbopmlb-1	Endothelial Cells	4727.68701171875	1213.2904052734375	12.0	7.0	0.5959364698065137	0.6543128759565946	2	1	2	0.5936436191830914
ieiddjim-1	Endothelial Cells	1009.511474609375	4441.04638671875	11.0	2.0	0.5773394676840509	0.34568712404340535	2	1	0	0.593489792266768
epfbedml-1	Endothelial Cells	4600.77490234375	1360.9212646484375	9.0	4.0	0.5349791518324556	0.5064224831767222	2	2	2	0.593391604434268
kcleedol-1	Endothelial Cells	9361.6015625	1835.7791748046875	8.0	4.0	0.510499848342324	0.5064224831767222	2	1	2	0.5925636553733787
dabbmjhg-1	Endothelial Cells	1178.14599609375	1868.5718994140625	11.0	4.0	0.5773394676840509	0.5064224831767222	3	2	3	0.5922440933513639
cpmnmggp-1	Endothelial Cells	1158.4766845703125	1799.017578125	20.0	2.0	0.7073597568332597	0.34568712404340535	3	2	0	0.5920884465578188
jdfldggj-1	Endothelial Cells	6820.5478515625	1481.3587646484375	4.0	3.0	0.3739343800760111	0.4362085839710631	1	0	1	0.5916426067749094
gpbeodbg-1	Endothelial Cells	5585.95361328125	5000.9990234375	11.0	2.0	0.5773394676840509	0.34568712404340535	3	2	0	0.5912158565705036
jafekpci-1	Endothelial Cells	6420.37890625	2589.889892578125	25.0	2.0	0.7569812415629582	0.34568712404340535	3	2	0	0.5911073086244536
oaacnmal-1	Endothelial Cells	6094.4541015625	3872.88720703125	20.0	6.0	0.7073597568332597	0.6122961576274708	3	0	3	0.5909562100205741
elnbikjc-1	Endothelial Cells	5386.74462890625	932.1248168945312	16.0	2.0	0.6582645203321088	0.34568712404340535	1	1	0	0.5907849540663327
elnbioeg-1	Endothelial Cells	5375.58349609375	931.80908203125	16.0	3.0	0.6582645203321088	0.4362085839710631	1	0	1	0.5907849540663327
ndomchao-1	Endothelial Cells	7024.04443359375	3430.62109375	16.0	5.0	0.6582645203321088	0.5637914160289369	2	1	2	0.5901270564911768
ndokjaki-1	Endothelial Cells	7030.87353515625	3421.875732421875	25.0	4.0	0.7569812415629582	0.5064224831767222	2	1	2	0.5900474604904643
hppaogmg-1	Endothelial Cells	942.9896240234376	4647.36181640625	14.0	1.0	0.6291843042471731	0.21810429198553155	1	1	0	0.5895388902740943
kcmkkknn-1	Endothelial Cells	9568.193359375	1895.1563720703125	13.0	4.0	0.6131546044185421	0.5064224831767222	5	1	4	0.5890607205902192
ldjnnink-1	Endothelial Cells	8945.69921875	831.5660400390625	17.0	11.0	0.6715446200987684	0.7818957080144684	2	1	0	0.5887788600883282
jgpllejb-1	Endothelial Cells	5857.23291015625	148.4476318359375	24.0	4.0	0.7478687601520222	0.5064224831767222	3	0	3	0.5886298600600469
lbeahipo-1	Endothelial Cells	9094.71484375	874.0713500976562	11.0	2.0	0.5773394676840509	0.34568712404340535	6	4	0	0.5860228392956888
fnbdbbia-1	Endothelial Cells	4232.33544921875	1456.8115234375	23.0	3.0	0.7383842394404954	0.4362085839710631	3	1	3	0.5856844743374346
ofnnopmj-1	Endothelial Cells	9447.8564453125	487.2976684570313	27.0	4.0	0.7741993761749866	0.5064224831767222	4	1	2	0.5856760884765794
kkaimmfe-1	Endothelial Cells	7612.36572265625	2564.662841796875	13.0	1.0	0.6131546044185421	0.21810429198553155	2	2	0	0.5856343130280943
jacafcml-1	Endothelial Cells	6872.9462890625	2736.91845703125	10.0	2.0	0.5571233754304706	0.34568712404340535	1	1	0	0.5850584087977458
ijahaibj-1	Endothelial Cells	5752.28515625	3174.262939453125	26.0	1.0	0.765749772513486	0.21810429198553155	1	1	0	0.5846761213162935
lkhmmlko-1	Endothelial Cells	8813.333984375	2956.812744140625	5.0	2.0	0.41629469592760643	0.34568712404340535	3	0	0	0.5846499803451767
iocpncbd-1	Endothelial Cells	5423.3193359375	1927.0416259765625	15.0	2.0	0.6441790870257778	0.34568712404340535	4	3	0	0.5844928056922153
eicnjcng-1	Endothelial Cells	5508.408203125	736.2955932617188	31.0	2.0	0.8052238587822221	0.34568712404340535	3	1	0	0.584364221361738
kgkibdbn-1	Endothelial Cells	9178.265625	1727.98681640625	14.0	1.0	0.6291843042471731	0.21810429198553155	3	3	0	0.5841807514105085
kjkfnfli-1	Endothelial Cells	7614.76806640625	2590.265625	19.0	4.0	0.6960239235889	0.5064224831767222	3	1	2	0.5831493640843499
lcdhbpfb-1	Endothelial Cells	9119.2802734375	1294.237060546875	14.0	7.0	0.6291843042471731	0.6543128759565946	5	1	4	0.5823348753936648
gjbeojkn-1	Endothelial Cells	2615.9560546875	3215.492919921875	5.0	3.0	0.41629469592760643	0.4362085839710631	1	0	1	0.5820147133781676
kcplhpfm-1	Endothelial Cells	9427.470703125	1563.5389404296875	6.0	6.0	0.4521098326620977	0.6122961576274708	4	2	2	0.5819534550644282
ibolbbmp-1	Endothelial Cells	1617.5782470703125	3085.092529296875	20.0	1.0	0.7073597568332597	0.21810429198553155	1	1	0	0.5816400530121846
kcppdcoe-1	Endothelial Cells	9693.9248046875	1537.9735107421875	22.0	2.0	0.7284960027393369	0.34568712404340535	1	1	0	0.579630922289307
kdacjmdg-1	Endothelial Cells	9680.439453125	1523.4981689453125	9.0	3.0	0.5349791518324556	0.4362085839710631	1	0	1	0.579630922289307
iinppdef-1	Endothelial Cells	5733.30322265625	3224.99462890625	24.0	3.0	0.7478687601520222	0.4362085839710631	3	2	2	0.5793854163041012
hheklldb-1	Endothelial Cells	949.8778686523438	5532.72802734375	12.0	10.0	0.5959364698065137	0.7545168838552492	4	2	2	0.5791959143802242
kcokgdmo-1	Endothelial Cells	9428.2421875	1449.3623046875	17.0	3.0	0.6715446200987684	0.4362085839710631	3	1	2	0.5788807896273732
gleablkd-1	Endothelial Cells	4888.60400390625	5567.4775390625	9.0	2.0	0.5349791518324556	0.34568712404340535	1	1	0	0.578838791640993
ochoogjn-1	Endothelial Cells	4849.14208984375	5567.4794921875	15.0	4.0	0.6441790870257778	0.5064224831767222	1	0	1	0.578838791640993
llhicolf-1	Endothelial Cells	9443.34375	3267.825927734375	23.0	2.0	0.7383842394404954	0.34568712404340535	1	1	0	0.5779370154716212
lnegjgab-1	Endothelial Cells	9464.2880859375	3273.72900390625	5.0	4.0	0.41629469592760643	0.5064224831767222	1	0	1	0.5779370154716212
nnchjcij-1	Endothelial Cells	6605.26806640625	3749.245361328125	13.0	5.0	0.6131546044185421	0.5637914160289369	2	0	2	0.5779340444619203
ekglngji-1	Endothelial Cells	4733.48388671875	2203.91162109375	40.0	2.0	0.8628057397570006	0.34568712404340535	4	2	0	0.5772140093745246
oaabmidn-1	Endothelial Cells	6115.35302734375	3845.5986328125	25.0	4.0	0.7569812415629582	0.5064224831767222	3	1	3	0.5772068069639824
cgonnmbd-1	Endothelial Cells	888.83056640625	2830.80859375	5.0	6.0	0.41629469592760643	0.6122961576274708	1	0	0	0.5770506785816819
nklbenec-1	Endothelial Cells	5618.74462890625	3672.7705078125	18.0	7.0	0.6841065168404427	0.6543128759565946	2	0	2	0.577032378041482
gebhiced-1	Endothelial Cells	2711.461669921875	4361.41259765625	10.0	2.0	0.5571233754304706	0.34568712404340535	2	1	0	0.5769571974860188
llglgbeg-1	Endothelial Cells	9421.9619140625	3456.73681640625	11.0	5.0	0.5773394676840509	0.5637914160289369	2	1	1	0.5768099520634041
jkkpfhfe-1	Endothelial Cells	5814.251953125	1505.22705078125	12.0	2.0	0.5959364698065137	0.34568712404340535	3	2	0	0.5763837193444881
namifkcb-1	Endothelial Cells	7342.51904296875	3552.61865234375	73.0	7.0	1.0	0.6543128759565946	2	0	2	0.5763283978873234
kbjoiaeb-1	Endothelial Cells	8052.35009765625	437.9299926757813	17.0	2.0	0.6715446200987684	0.34568712404340535	2	2	0	0.5760889446563464
falpnleh-1	Endothelial Cells	4823.22021484375	3022.43310546875	5.0	2.0	0.41629469592760643	0.34568712404340535	1	0	0	0.57554158335634
hniecmji-1	Endothelial Cells	1483.8017578125	3565.804443359375	10.0	3.0	0.5571233754304706	0.4362085839710631	1	1	0	0.575446072504424
acildjcn-1	Endothelial Cells	1497.2083740234375	3568.712890625	5.0	5.0	0.41629469592760643	0.5637914160289369	1	0	1	0.575446072504424
cplhkpne-1	Endothelial Cells	1052.6220703125	1746.3873291015625	17.0	7.0	0.6715446200987684	0.6543128759565946	1	0	1	0.5753834504176467
llglejnp-1	Endothelial Cells	9423.359375	3443.75244140625	8.0	6.0	0.510499848342324	0.6122961576274708	2	1	1	0.5753396577778801
fhkijoak-1	Endothelial Cells	5135.76953125	3908.9365234375	7.0	1.0	0.48313431526933326	0.21810429198553155	1	1	0	0.574100816271287
fhkjbhcp-1	Endothelial Cells	5128.16650390625	3921.524169921875	25.0	8.0	0.7569812415629582	0.6913742480868107	1	0	1	0.574100816271287
ldclobpm-1	Endothelial Cells	8958.6923828125	1156.177001953125	4.0	2.0	0.3739343800760111	0.34568712404340535	3	0	0	0.5738673587501086
ofebpnan-1	Endothelial Cells	9460.017578125	1733.3670654296875	12.0	3.0	0.5959364698065137	0.4362085839710631	4	2	3	0.5735603415380616
oeainnpc-1	Endothelial Cells	7009.69482421875	2198.34326171875	33.0	7.0	0.8193092920885532	0.6543128759565946	3	1	1	0.5728043324521892
fnjnecio-1	Endothelial Cells	3908.550537109375	1734.9964599609375	18.0	3.0	0.6841065168404427	0.4362085839710631	3	1	3	0.5719823062844772
hooiokjh-1	Endothelial Cells	2307.65380859375	4955.9833984375	8.0	5.0	0.510499848342324	0.5637914160289369	2	1	2	0.5716802715107331
mmpcbgpj-1	Endothelial Cells	5534.02783203125	4552.63525390625	8.0	2.0	0.510499848342324	0.34568712404340535	4	3	0	0.5712839111499829
klkaggfa-1	Endothelial Cells	7822.904296875	1782.100830078125	9.0	2.0	0.5349791518324556	0.34568712404340535	3	2	0	0.5712655331012154
khehdfkj-1	Endothelial Cells	7963.16748046875	1147.563720703125	9.0	5.0	0.5349791518324556	0.5637914160289369	1	0	1	0.5711617809648418
khejmeil-1	Endothelial Cells	7961.74951171875	1158.5279541015625	9.0	2.0	0.5349791518324556	0.34568712404340535	1	1	0	0.5711617809648418
kfojbmac-1	Endothelial Cells	9081.9765625	1773.2186279296875	19.0	1.0	0.6960239235889	0.21810429198553155	2	2	0	0.5706500899210744
famajfeo-1	Endothelial Cells	4751.6845703125	3034.7294921875	15.0	3.0	0.6441790870257778	0.4362085839710631	6	3	6	0.5705425347315339
eiagolbc-1	Endothelial Cells	5743.96728515625	623.9401245117188	14.0	1.0	0.6291843042471731	0.21810429198553155	2	2	0	0.5698138271782345
nhgpmcga-1	Endothelial Cells	6693.0908203125	4549.23876953125	15.0	1.0	0.6441790870257778	0.21810429198553155	2	2	0	0.5696067311799161
mmpiobia-1	Endothelial Cells	5538.0048828125	4559.6337890625	21.0	1.0	0.7181681471869151	0.21810429198553155	3	2	0	0.569453392719075
mllacfcb-1	Endothelial Cells	6585.98681640625	5665.380859375	8.0	3.0	0.510499848342324	0.4362085839710631	1	0	1	0.5690200978247486
dpmlkaoa-1	Endothelial Cells	4210.533203125	3306.37744140625	17.0	3.0	0.6715446200987684	0.4362085839710631	2	0	2	0.5683165497258592
melendio-1	Endothelial Cells	8304.771484375	3812.385009765625	7.0	1.0	0.48313431526933326	0.21810429198553155	3	3	0	0.5680817873695407
ifckdkdf-1	Endothelial Cells	478.16790771484375	3340.505615234375	9.0	4.0	0.5349791518324556	0.5064224831767222	2	1	1	0.568027814532197
egbelbao-1	Endothelial Cells	3602.592529296875	3847.878173828125	20.0	3.0	0.7073597568332597	0.4362085839710631	2	1	2	0.5678761421315264
lbdoeooj-1	Endothelial Cells	9107.830078125	863.8583984375	24.0	1.0	0.7478687601520222	0.21810429198553155	5	3	0	0.5676504716352884
ginognbn-1	Endothelial Cells	3201.189208984375	3232.17431640625	10.0	4.0	0.5571233754304706	0.5064224831767222	4	2	4	0.5674792422574949
oginookk-1	Endothelial Cells	8557.974609375	5041.46533203125	15.0	5.0	0.6441790870257778	0.5637914160289369	2	1	2	0.567275467398764
lcpokpoa-1	Endothelial Cells	8812.5654296875	408.30377197265625	17.0	1.0	0.6715446200987684	0.21810429198553155	2	2	0	0.5668236249192138
kcpiekgb-1	Endothelial Cells	9444.796875	1551.4150390625	20.0	2.0	0.7073597568332597	0.34568712404340535	4	2	0	0.5667634346114829
aahlpmai-1	Endothelial Cells	461.9949951171875	3328.148193359375	4.0	7.0	0.3739343800760111	0.6543128759565946	2	0	2	0.5665295259962443
eodpgblk-1	Endothelial Cells	5043.58251953125	1671.673095703125	19.0	2.0	0.6960239235889	0.34568712404340535	1	1	0	0.5664135123422208
fnjnelja-1	Endothelial Cells	3917.917236328125	1718.1336669921875	31.0	2.0	0.8052238587822221	0.34568712404340535	3	2	0	0.566057647045928
molfbbfj-1	Endothelial Cells	5405.4580078125	4624.2001953125	22.0	4.0	0.7284960027393369	0.5064224831767222	1	0	1	0.5656398413528106
mmliomjc-1	Endothelial Cells	5417.9267578125	4651.1240234375	15.0	1.0	0.6441790870257778	0.21810429198553155	1	1	0	0.5656398413528106
ceamdaai-1	Endothelial Cells	8306.9462890625	1198.3411865234375	7.0	5.0	0.48313431526933326	0.5637914160289369	2	1	1	0.5650617768918731
lbbfklcb-1	Endothelial Cells	9540.8837890625	448.58489990234375	29.0	4.0	0.7902290760036176	0.5064224831767222	4	0	3	0.5649454080961462
cplfahcd-1	Endothelial Cells	1019.6844482421876	1737.485595703125	27.0	2.0	0.7741993761749866	0.34568712404340535	2	1	0	0.5639650662359897
epboogan-1	Endothelial Cells	4736.14892578125	1210.9844970703125	6.0	4.0	0.4521098326620977	0.5064224831767222	2	1	2	0.5639101397088911
haalfbag-1	Endothelial Cells	5217.8125	4568.7890625	6.0	4.0	0.4521098326620977	0.5064224831767222	1	0	1	0.5637300667155122
lhjnikjp-1	Endothelial Cells	8231.509765625	3497.878662109375	7.0	5.0	0.48313431526933326	0.5637914160289369	3	1	2	0.5636074438919831
kglnhmgf-1	Endothelial Cells	9346.0126953125	1801.9052734375	5.0	3.0	0.41629469592760643	0.4362085839710631	2	0	2	0.5633635296931112
fmobhdgl-1	Endothelial Cells	4167.30810546875	1763.61279296875	10.0	5.0	0.5571233754304706	0.5637914160289369	3	1	3	0.5632791986719861
kfoaonfh-1	Endothelial Cells	9060.216796875	1762.927978515625	20.0	4.0	0.7073597568332597	0.5064224831767222	2	0	2	0.5627076452688542
ijbboddm-1	Endothelial Cells	5783.80810546875	2973.486328125	33.0	6.0	0.8193092920885532	0.6122961576274708	3	0	3	0.5624336516989307
jmgfljom-1	Endothelial Cells	8482.9345703125	165.63128662109375	15.0	1.0	0.6441790870257778	0.21810429198553155	1	1	0	0.5622422401281449
dmkfdipa-1	Endothelial Cells	4167.99365234375	3719.439208984375	15.0	4.0	0.6441790870257778	0.5064224831767222	3	1	3	0.562043956215481
ihbaplla-1	Endothelial Cells	368.6526489257813	3293.397705078125	22.0	4.0	0.7284960027393369	0.5064224831767222	2	1	2	0.5616313753097173
npppocmc-1	Endothelial Cells	5933.93212890625	3818.91552734375	31.0	3.0	0.8052238587822221	0.4362085839710631	2	0	2	0.5615930312873773
ggglajib-1	Endothelial Cells	2679.517578125	4391.720703125	20.0	2.0	0.7073597568332597	0.34568712404340535	5	3	0	0.5615287545554987
miahfcee-1	Endothelial Cells	9790.3896484375	4114.27734375	11.0	2.0	0.5773394676840509	0.34568712404340535	1	1	0	0.5612404886150851
nacpmdne-1	Endothelial Cells	5857.24609375	5097.99658203125	13.0	3.0	0.6131546044185421	0.4362085839710631	4	1	3	0.5606121299946575
npoadoha-1	Endothelial Cells	6094.7939453125	3913.425048828125	22.0	3.0	0.7284960027393369	0.4362085839710631	4	1	4	0.5600944705473929
fpklfbcf-1	Endothelial Cells	3642.755126953125	1291.130126953125	14.0	2.0	0.6291843042471731	0.34568712404340535	1	1	0	0.5598298916199833
fpkolhgg-1	Endothelial Cells	3638.0771484375	1303.1739501953125	6.0	4.0	0.4521098326620977	0.5064224831767222	1	0	1	0.5598298916199833
